Geography,Year,Thriving,Struggling,Suffering,N
Afghanistan,2021,0,0.05,0.95,877
Afghanistan,2019,0,0.12,0.87,929
Afghanistan,2018,0,0.15,0.85,821
Afghanistan,2017,0,0.27,0.73,835
Afghanistan,2016,0.06,0.65,0.29,915
Afghanistan,2015,0.08,0.61,0.31,840
Afghanistan,2014,0,0.39,0.61,811
Afghanistan,2013,0,0.45,0.55,878
Afghanistan,2012,0.03,0.68,0.29,1393
Afghanistan,2011,0.04,0.66,0.3,757
Afghanistan,2010,0.12,0.65,0.23,953
Afghanistan,2009,0.08,0.69,0.23,1814
Afghanistan,2008,0.05,0.68,0.27,860
Albania,2021,0.28,0.58,0.14,910
Albania,2020,0.28,0.57,0.15,892
Albania,2019,0.23,0.6,0.16,988
Albania,2018,0.22,0.59,0.18,905
Albania,2017,0.19,0.6,0.21,882
Albania,2016,0.18,0.59,0.22,868
Albania,2015,0.21,0.6,0.19,907
Albania,2014,0.21,0.62,0.17,880
Albania,2013,0.17,0.62,0.22,979
Albania,2012,0.25,0.6,0.15,945
Albania,2011,0.34,0.56,0.1,928
Albania,2010,0.2,0.63,0.18,935
Albania,2009,0.23,0.65,0.12,969
Albania,2006,0.13,0.67,0.19,900
Algeria,2021,0.16,0.76,0.08,878
Algeria,2020,0.23,0.72,0.05,939
Algeria,2019,0.11,0.72,0.17,995
Algeria,2018,0.12,0.78,0.1,934
Algeria,2017,0.18,0.7,0.12,939
Algeria,2016,0.21,0.69,0.1,919
Algeria,2014,0.33,0.62,0.05,985
Algeria,2012,0.27,0.62,0.12,1967
Algeria,2011,0.18,0.69,0.13,1996
Algeria,2010,0.23,0.68,0.09,998
Angola,2014,0.08,0.61,0.31,949
Angola,2013,0.1,0.66,0.24,962
Angola,2012,0.12,0.7,0.18,910
Angola,2011,0.35,0.59,0.05,926
Argentina,2021,0.34,0.56,0.1,970
Argentina,2020,0.35,0.56,0.09,942
Argentina,2019,0.42,0.53,0.05,972
Argentina,2018,0.36,0.55,0.09,908
Argentina,2017,0.41,0.49,0.1,919
Argentina,2016,0.44,0.5,0.06,925
Argentina,2015,0.47,0.49,0.04,926
Argentina,2014,0.54,0.43,0.04,910
Argentina,2013,0.47,0.49,0.04,909
Argentina,2012,0.46,0.49,0.05,896
Argentina,2011,0.53,0.43,0.04,923
Argentina,2010,0.43,0.51,0.06,884
Argentina,2009,0.44,0.5,0.06,896
Argentina,2008,0.33,0.58,0.08,856
Argentina,2007,0.4,0.53,0.07,896
Argentina,2006,0.44,0.52,0.04,891
Armenia,2019,0.31,0.59,0.09,860
Armenia,2018,0.25,0.66,0.09,725
Armenia,2017,0.13,0.52,0.35,784
Armenia,2016,0.12,0.54,0.34,690
Armenia,2015,0.16,0.52,0.32,727
Armenia,2014,0.12,0.55,0.32,789
Armenia,2013,0.1,0.55,0.36,791
Armenia,2012,0.13,0.5,0.37,797
Armenia,2011,0.08,0.57,0.35,858
Armenia,2010,0.12,0.54,0.34,814
Armenia,2009,0.11,0.55,0.33,822
Armenia,2008,0.12,0.74,0.14,937
Armenia,2007,0.13,0.73,0.15,968
Armenia,2006,0.09,0.67,0.24,948
Australia,2021,0.56,0.43,0.02,975
Australia,2020,0.52,0.45,0.04,973
Australia,2019,0.56,0.41,0.03,1003
Australia,2018,0.54,0.43,0.03,953
Australia,2017,0.57,0.41,0.02,947
Australia,2016,0.6,0.36,0.04,940
Australia,2015,0.61,0.36,0.03,957
Australia,2014,0.59,0.38,0.03,1873
Australia,2013,0.63,0.35,0.02,952
Australia,2012,0.6,0.38,0.02,959
Australia,2011,0.64,0.34,0.02,989
Australia,2010,0.65,0.33,0.01,989
Australia,2008,0.62,0.35,0.03,972
Australia,2007,0.62,0.36,0.02,1168
Australia,2006,0.64,0.34,0.01,970
Austria,2021,0.51,0.44,0.05,988
Austria,2020,0.56,0.41,0.03,977
Austria,2019,0.53,0.45,0.02,1009
Austria,2018,0.59,0.39,0.03,994
Austria,2017,0.58,0.39,0.03,993
Austria,2016,0.52,0.44,0.05,987
Austria,2015,0.53,0.44,0.04,980
Austria,2014,0.48,0.48,0.05,1955
Austria,2013,0.61,0.36,0.03,978
Austria,2012,0.61,0.36,0.03,931
Austria,2011,0.59,0.38,0.03,927
Austria,2010,0.58,0.39,0.03,937
Austria,2009,0.56,0.41,0.03,959
Austria,2008,0.57,0.4,0.03,898
Austria,2006,0.56,0.41,0.03,920
Azerbaijan,2019,0.13,0.75,0.12,878
Azerbaijan,2018,0.19,0.67,0.14,789
Azerbaijan,2017,0.17,0.69,0.14,771
Azerbaijan,2016,0.2,0.68,0.12,747
Azerbaijan,2015,0.15,0.71,0.14,765
Azerbaijan,2014,0.16,0.74,0.1,768
Azerbaijan,2013,0.18,0.76,0.06,745
Azerbaijan,2012,0.14,0.7,0.16,823
Azerbaijan,2011,0.09,0.72,0.18,786
Azerbaijan,2010,0.1,0.7,0.21,793
Azerbaijan,2009,0.13,0.7,0.17,861
Azerbaijan,2008,0.21,0.65,0.14,692
Azerbaijan,2007,0.11,0.7,0.18,683
Azerbaijan,2006,0.1,0.74,0.16,764
Bahrain,2020,0.37,0.59,0.04,934
Bahrain,2019,0.52,0.45,0.04,955
Bahrain,2017,0.33,0.63,0.05,994
Bahrain,2016,0.33,0.62,0.05,952
Bahrain,2015,0.27,0.67,0.06,961
Bahrain,2014,0.37,0.59,0.05,1848
Bahrain,2013,0.48,0.49,0.03,963
Bahrain,2012,0.19,0.69,0.12,939
Bahrain,2011,0.11,0.75,0.14,1731
Bahrain,2010,0.27,0.64,0.09,1955
Bahrain,2009,0.4,0.41,0.2,1946
Bangladesh,2020,0.28,0.66,0.06,907
Bangladesh,2019,0.25,0.63,0.12,2593
Bangladesh,2018,0.11,0.73,0.16,941
Bangladesh,2017,0.08,0.73,0.19,923
Bangladesh,2016,0.12,0.73,0.15,941
Bangladesh,2015,0.14,0.72,0.14,864
Bangladesh,2014,0.13,0.75,0.12,881
Bangladesh,2013,0.13,0.74,0.13,891
Bangladesh,2012,0.13,0.76,0.11,2616
Bangladesh,2011,0.16,0.74,0.1,990
Bangladesh,2010,0.13,0.75,0.12,909
Bangladesh,2009,0.16,0.71,0.13,946
Bangladesh,2008,0.17,0.75,0.08,878
Bangladesh,2007,0.11,0.78,0.11,1141
Bangladesh,2006,0.06,0.76,0.18,1007
Belarus,2019,0.26,0.64,0.1,886
Belarus,2018,0.17,0.64,0.19,842
Belarus,2017,0.17,0.69,0.14,977
Belarus,2016,0.17,0.59,0.24,890
Belarus,2015,0.3,0.52,0.18,889
Belarus,2014,0.26,0.61,0.13,905
Belarus,2013,0.31,0.58,0.11,842
Belarus,2012,0.33,0.5,0.17,876
Belarus,2011,0.2,0.63,0.16,750
Belarus,2010,0.25,0.61,0.14,835
Belarus,2009,0.29,0.59,0.12,791
Belarus,2008,0.26,0.63,0.11,761
Belarus,2007,0.25,0.65,0.11,863
Belarus,2006,0.28,0.62,0.1,911
Belgium,2020,0.43,0.53,0.04,982
Belgium,2019,0.49,0.47,0.05,1019
Belgium,2018,0.53,0.44,0.03,973
Belgium,2017,0.45,0.52,0.03,985
Belgium,2016,0.48,0.49,0.03,983
Belgium,2015,0.47,0.51,0.02,1008
Belgium,2014,0.45,0.51,0.03,1963
Belgium,2013,0.49,0.49,0.03,954
Belgium,2012,0.56,0.41,0.04,892
Belgium,2011,0.5,0.46,0.04,883
Belgium,2010,0.43,0.54,0.03,926
Belgium,2008,0.56,0.41,0.03,783
Belgium,2007,0.59,0.39,0.02,813
Belgium,2006,0.68,0.3,0.01,838
Belize,2014,0.32,0.56,0.12,465
Belize,2007,0.44,0.5,0.06,458
Benin,2021,0.2,0.73,0.06,952
Benin,2020,0.13,0.85,0.02,989
Benin,2019,0.26,0.65,0.09,960
Benin,2018,0.34,0.57,0.09,914
Benin,2017,0.23,0.67,0.1,841
Benin,2016,0.11,0.8,0.1,900
Benin,2015,0.06,0.78,0.16,956
Benin,2014,0.04,0.77,0.19,990
Benin,2013,0.03,0.83,0.14,986
Benin,2012,0.02,0.81,0.16,986
Benin,2011,0.05,0.84,0.11,943
Benin,2008,0.04,0.8,0.16,831
Benin,2006,0.03,0.85,0.12,970
Bhutan,2015,0.07,0.88,0.06,1008
Bhutan,2014,0.04,0.92,0.05,1007
Bhutan,2013,0.13,0.84,0.03,933
Bolivia,2021,0.29,0.65,0.06,948
Bolivia,2020,0.27,0.67,0.06,934
Bolivia,2019,0.32,0.62,0.06,868
Bolivia,2018,0.33,0.6,0.06,908
Bolivia,2017,0.3,0.62,0.08,889
Bolivia,2016,0.32,0.62,0.06,827
Bolivia,2015,0.3,0.65,0.05,840
Bolivia,2014,0.3,0.66,0.03,862
Bolivia,2013,0.28,0.65,0.07,930
Bolivia,2012,0.37,0.57,0.06,842
Bolivia,2011,0.24,0.71,0.05,899
Bolivia,2010,0.26,0.7,0.04,915
Bolivia,2009,0.34,0.59,0.07,886
Bolivia,2008,0.21,0.69,0.1,849
Bolivia,2007,0.28,0.64,0.08,809
Bolivia,2006,0.19,0.74,0.06,896
Bosnia and Herzegovina,2021,0.31,0.57,0.12,927
Bosnia and Herzegovina,2020,0.29,0.57,0.14,937
Bosnia and Herzegovina,2019,0.35,0.5,0.15,1042
Bosnia and Herzegovina,2018,0.24,0.62,0.13,964
Bosnia and Herzegovina,2017,0.2,0.55,0.25,957
Bosnia and Herzegovina,2016,0.2,0.58,0.22,986
Bosnia and Herzegovina,2015,0.2,0.55,0.24,948
Bosnia and Herzegovina,2014,0.19,0.58,0.24,962
Bosnia and Herzegovina,2013,0.18,0.57,0.25,982
Bosnia and Herzegovina,2012,0.15,0.57,0.27,984
Bosnia and Herzegovina,2011,0.16,0.6,0.24,995
Bosnia and Herzegovina,2010,0.1,0.61,0.28,992
Bosnia and Herzegovina,2009,0.19,0.54,0.27,985
Bosnia and Herzegovina,2006,0.2,0.59,0.2,1849
Botswana,2019,0.08,0.74,0.18,936
Botswana,2018,0.09,0.72,0.19,857
Botswana,2017,0.08,0.67,0.24,903
Botswana,2016,0.08,0.66,0.26,859
Botswana,2015,0.08,0.68,0.24,975
Botswana,2014,0.09,0.66,0.25,976
Botswana,2013,0.13,0.75,0.12,1000
Botswana,2012,0.14,0.77,0.09,986
Botswana,2011,0.05,0.73,0.22,990
Botswana,2010,0.05,0.76,0.18,997
Botswana,2008,0.24,0.65,0.11,925
Botswana,2006,0.16,0.72,0.12,907
Brazil,2021,0.37,0.58,0.05,980
Brazil,2020,0.42,0.52,0.06,967
Brazil,2019,0.47,0.49,0.03,2639
Brazil,2018,0.45,0.49,0.05,866
Brazil,2017,0.44,0.51,0.04,870
Brazil,2016,0.46,0.51,0.03,876
Brazil,2015,0.46,0.51,0.03,925
Brazil,2014,0.6,0.38,0.02,953
Brazil,2013,0.61,0.37,0.02,963
Brazil,2012,0.59,0.38,0.03,1870
Brazil,2011,0.59,0.41,0,987
Brazil,2010,0.57,0.4,0.03,977
Brazil,2009,0.58,0.4,0.02,972
Brazil,2008,0.54,0.44,0.02,913
Brazil,2007,0.44,0.52,0.04,940
Brazil,2006,0.54,0.44,0.02,947
Bulgaria,2021,0.23,0.63,0.14,957
Bulgaria,2020,0.29,0.59,0.12,963
Bulgaria,2019,0.19,0.55,0.26,995
Bulgaria,2018,0.18,0.6,0.23,894
Bulgaria,2017,0.16,0.6,0.24,903
Bulgaria,2016,0.13,0.57,0.3,914
Bulgaria,2015,0.17,0.53,0.29,950
Bulgaria,2014,0.1,0.53,0.36,917
Bulgaria,2013,0.07,0.52,0.41,862
Bulgaria,2012,0.1,0.51,0.39,897
Bulgaria,2011,0.05,0.5,0.45,887
Bulgaria,2010,0.09,0.52,0.4,891
Bulgaria,2009,0.04,0.49,0.47,832
Bulgaria,2006,0.06,0.58,0.36,882
Burkina Faso,2021,0.17,0.69,0.14,931
Burkina Faso,2020,0.18,0.74,0.08,965
Burkina Faso,2019,0.2,0.68,0.12,842
Burkina Faso,2018,0.19,0.74,0.07,878
Burkina Faso,2017,0.13,0.79,0.08,935
Burkina Faso,2016,0.07,0.76,0.17,949
Burkina Faso,2015,0.1,0.77,0.13,982
Burkina Faso,2014,0.05,0.71,0.25,987
Burkina Faso,2013,0.03,0.82,0.14,1000
Burkina Faso,2012,0.07,0.79,0.14,996
Burkina Faso,2011,0.11,0.81,0.07,999
Burkina Faso,2010,0.03,0.87,0.1,999
Burkina Faso,2008,0.03,0.71,0.26,956
Burkina Faso,2007,0.01,0.77,0.22,903
Burkina Faso,2006,0.03,0.73,0.25,950
Burundi,2018,0.13,0.75,0.12,842
Burundi,2014,0.04,0.58,0.38,989
Burundi,2011,0.04,0.71,0.25,995
Burundi,2009,0.02,0.58,0.4,995
Burundi,2008,0.02,0.63,0.35,994
Cambodia,2021,0.15,0.74,0.11,726
Cambodia,2020,0.14,0.67,0.18,844
Cambodia,2019,0.23,0.64,0.12,761
Cambodia,2018,0.24,0.63,0.13,890
Cambodia,2017,0.18,0.65,0.16,1345
Cambodia,2016,0.16,0.67,0.17,899
Cambodia,2015,0.14,0.68,0.18,931
Cambodia,2014,0.13,0.64,0.23,867
Cambodia,2013,0.05,0.63,0.32,837
Cambodia,2012,0.04,0.63,0.34,922
Cambodia,2011,0.02,0.72,0.26,977
Cambodia,2010,0.03,0.74,0.23,932
Cambodia,2009,0.03,0.75,0.22,983
Cambodia,2008,0.04,0.79,0.17,699
Cambodia,2007,0.02,0.78,0.21,860
Cambodia,2006,0.03,0.58,0.4,936
Cameroon,2021,0.23,0.69,0.08,916
Cameroon,2020,0.19,0.72,0.09,944
Cameroon,2019,0.2,0.73,0.07,883
Cameroon,2018,0.23,0.67,0.1,815
Cameroon,2017,0.21,0.71,0.08,796
Cameroon,2016,0.18,0.72,0.1,878
Cameroon,2015,0.24,0.7,0.06,869
Cameroon,2014,0.12,0.72,0.16,958
Cameroon,2013,0.12,0.73,0.15,975
Cameroon,2012,0.14,0.75,0.11,982
Cameroon,2011,0.12,0.74,0.14,994
Cameroon,2010,0.09,0.81,0.1,1187
Cameroon,2009,0.14,0.77,0.09,951
Cameroon,2008,0.06,0.7,0.24,860
Cameroon,2007,0.06,0.75,0.18,905
Cameroon,2006,0.06,0.7,0.24,951
Canada,2021,0.57,0.39,0.04,989
Canada,2020,0.57,0.4,0.03,998
Canada,2019,0.57,0.4,0.03,1018
Canada,2018,0.58,0.38,0.03,998
Canada,2017,0.65,0.33,0.02,984
Canada,2016,0.6,0.36,0.03,996
Canada,2015,0.62,0.37,0.01,991
Canada,2014,0.61,0.36,0.03,1979
Canada,2013,0.66,0.32,0.01,1000
Canada,2012,0.65,0.33,0.02,1960
Canada,2011,0.66,0.33,0.01,991
Canada,2010,0.69,0.3,0.02,981
Canada,2009,0.62,0.36,0.02,968
Canada,2008,0.68,0.31,0.01,977
Canada,2007,0.68,0.3,0.02,981
Canada,2006,0.67,0.32,0.01,1311
Central African Republic,2017,0.1,0.59,0.31,947
Central African Republic,2016,0.04,0.66,0.29,914
Central African Republic,2011,0.04,0.73,0.23,966
Central African Republic,2010,0.02,0.73,0.26,981
Central African Republic,2007,0.08,0.78,0.14,949
Chad,2019,0.16,0.55,0.3,972
Chad,2018,0.14,0.65,0.21,754
Chad,2017,0.15,0.6,0.26,837
Chad,2016,0.1,0.55,0.36,916
Chad,2015,0.1,0.75,0.15,936
Chad,2014,0.02,0.76,0.22,969
Chad,2013,0.03,0.78,0.18,978
Chad,2012,0.05,0.85,0.1,998
Chad,2011,0.08,0.76,0.16,982
Chad,2010,0.01,0.8,0.19,999
Chad,2009,0.01,0.73,0.25,995
Chad,2008,0.05,0.88,0.07,995
Chad,2007,0.05,0.82,0.12,935
Chad,2006,0.04,0.75,0.21,946
Chile,2020,0.4,0.54,0.06,964
Chile,2019,0.28,0.63,0.09,1020
Chile,2018,0.41,0.53,0.06,945
Chile,2017,0.38,0.55,0.07,979
Chile,2016,0.41,0.52,0.07,960
Chile,2015,0.41,0.53,0.06,992
Chile,2014,0.46,0.5,0.04,992
Chile,2013,0.48,0.47,0.05,969
Chile,2012,0.45,0.49,0.05,957
Chile,2011,0.39,0.56,0.06,982
Chile,2010,0.48,0.45,0.07,986
Chile,2009,0.41,0.52,0.07,957
Chile,2008,0.32,0.56,0.12,1043
Chile,2007,0.29,0.58,0.13,963
Chile,2006,0.35,0.56,0.08,964
China,2020,0.31,0.6,0.1,2891
China,2019,0.19,0.67,0.13,3193
China,2018,0.21,0.68,0.12,3092
China,2017,0.21,0.65,0.14,3247
China,2016,0.2,0.7,0.1,3824
China,2015,0.25,0.65,0.11,3752
China,2014,0.19,0.74,0.07,4206
China,2013,0.21,0.69,0.1,3876
China,2012,0.2,0.67,0.13,8385
China,2011,0.18,0.7,0.12,3909
China,2010,0.12,0.71,0.17,3835
China,2009,0.09,0.77,0.14,3604
China,2008,0.13,0.77,0.1,3611
China,2007,0.14,0.75,0.11,3619
China,2006,0.12,0.73,0.15,3605
Colombia,2021,0.28,0.61,0.11,975
Colombia,2020,0.35,0.56,0.09,991
Colombia,2019,0.44,0.49,0.07,925
Colombia,2018,0.41,0.53,0.06,891
Colombia,2017,0.42,0.51,0.08,877
Colombia,2016,0.44,0.5,0.07,901
Colombia,2015,0.47,0.48,0.05,955
Colombia,2014,0.51,0.45,0.05,936
Colombia,2013,0.57,0.4,0.03,939
Colombia,2012,0.49,0.45,0.05,938
Colombia,2011,0.47,0.49,0.04,948
Colombia,2010,0.48,0.46,0.05,936
Colombia,2009,0.46,0.47,0.07,969
Colombia,2008,0.44,0.48,0.07,931
Colombia,2007,0.43,0.52,0.05,919
Colombia,2006,0.41,0.53,0.06,905
Comoros,2019,0.22,0.68,0.1,854
Comoros,2018,0.16,0.7,0.14,850
Comoros,2012,0.03,0.83,0.14,990
Comoros,2011,0.03,0.77,0.2,1977
Comoros,2010,0.04,0.75,0.2,1951
Comoros,2009,0.03,0.71,0.26,1971
Congo,2021,0.26,0.6,0.14,854
Congo,2020,0.3,0.56,0.14,796
Congo,2019,0.25,0.57,0.18,1008
Congo,2018,0.28,0.61,0.11,827
Congo,2017,0.2,0.71,0.09,799
Congo,2016,0.1,0.71,0.19,930
Congo,2015,0.25,0.62,0.12,940
Congo,2014,0.13,0.71,0.16,903
Congo,2013,0.12,0.69,0.19,978
Congo,2012,0.1,0.7,0.21,495
Congo,2011,0.13,0.75,0.12,980
Congo,2008,0.08,0.73,0.2,978
"Congo, Democratic Republic of the",2017,0.14,0.72,0.14,876
"Congo, Democratic Republic of the",2016,0.07,0.87,0.06,972
"Congo, Democratic Republic of the",2015,0.05,0.85,0.1,860
"Congo, Democratic Republic of the",2014,0.08,0.77,0.16,961
"Congo, Democratic Republic of the",2013,0.1,0.83,0.07,915
"Congo, Democratic Republic of the",2012,0.04,0.91,0.05,986
"Congo, Democratic Republic of the",2011,0.08,0.88,0.03,958
"Congo, Democratic Republic of the",2009,0.04,0.85,0.11,994
Costa Rica,2021,0.46,0.48,0.05,924
Costa Rica,2020,0.41,0.52,0.08,898
Costa Rica,2019,0.53,0.43,0.04,919
Costa Rica,2018,0.55,0.41,0.04,925
Costa Rica,2017,0.61,0.35,0.03,896
Costa Rica,2016,0.59,0.39,0.02,883
Costa Rica,2015,0.54,0.41,0.05,936
Costa Rica,2014,0.6,0.37,0.03,909
Costa Rica,2013,0.58,0.38,0.03,940
Costa Rica,2012,0.63,0.35,0.03,956
Costa Rica,2011,0.58,0.38,0.04,919
Costa Rica,2010,0.58,0.4,0.02,942
Costa Rica,2009,0.63,0.35,0.02,915
Costa Rica,2008,0.4,0.54,0.06,890
Costa Rica,2007,0.63,0.34,0.03,851
Costa Rica,2006,0.53,0.43,0.04,820
Cote d'Ivoire,2021,0.22,0.65,0.13,967
Cote d'Ivoire,2020,0.26,0.67,0.07,946
Cote d'Ivoire,2019,0.29,0.63,0.09,944
Cote d'Ivoire,2018,0.24,0.68,0.08,868
Cote d'Ivoire,2017,0.22,0.72,0.06,911
Cote d'Ivoire,2016,0.15,0.76,0.09,934
Cote d'Ivoire,2015,0.13,0.81,0.06,961
Cote d'Ivoire,2014,0.04,0.87,0.08,988
Cote d'Ivoire,2013,0.08,0.83,0.1,992
Cote d'Ivoire,2009,0.04,0.84,0.12,979
Croatia,2021,0.39,0.51,0.1,881
Croatia,2020,0.45,0.45,0.1,899
Croatia,2019,0.19,0.67,0.14,994
Croatia,2018,0.17,0.67,0.16,902
Croatia,2017,0.14,0.64,0.22,995
Croatia,2016,0.19,0.6,0.21,947
Croatia,2015,0.16,0.59,0.25,979
Croatia,2014,0.21,0.52,0.27,989
Croatia,2013,0.3,0.54,0.16,883
Croatia,2012,0.31,0.56,0.13,788
Croatia,2011,0.22,0.58,0.2,877
Croatia,2010,0.24,0.55,0.21,898
Croatia,2009,0.21,0.62,0.18,804
Croatia,2006,0.26,0.6,0.14,854
Cuba,2006,0.24,0.66,0.11,852
Cyprus,2021,0.41,0.52,0.07,943
Cyprus,2020,0.39,0.55,0.06,868
Cyprus,2019,0.36,0.56,0.08,937
Cyprus,2018,0.4,0.52,0.08,919
Cyprus,2017,0.39,0.49,0.12,841
Cyprus,2016,0.33,0.55,0.11,895
Cyprus,2015,0.27,0.56,0.17,929
Cyprus,2014,0.31,0.58,0.12,1770
Cyprus,2013,0.25,0.59,0.16,408
Cyprus,2012,0.33,0.58,0.09,405
Cyprus,2011,0.44,0.49,0.07,784
Cyprus,2010,0.4,0.52,0.07,775
Cyprus,2009,0.45,0.5,0.05,430
Cyprus,2006,0.4,0.53,0.07,764
Czech Republic,2021,0.49,0.47,0.04,955
Czech Republic,2020,0.5,0.45,0.05,962
Czech Republic,2018,0.44,0.52,0.04,908
Czech Republic,2017,0.39,0.56,0.05,954
Czech Republic,2016,0.39,0.56,0.05,956
Czech Republic,2015,0.37,0.56,0.07,951
Czech Republic,2014,0.36,0.54,0.1,933
Czech Republic,2013,0.36,0.54,0.09,933
Czech Republic,2012,0.31,0.57,0.12,943
Czech Republic,2011,0.34,0.53,0.13,932
Czech Republic,2010,0.31,0.56,0.13,922
Czech Republic,2009,0.33,0.57,0.1,973
Czech Republic,2007,0.39,0.51,0.09,971
Czech Republic,2006,0.42,0.5,0.08,810
Denmark,2021,0.71,0.28,0.01,998
Denmark,2020,0.68,0.3,0.03,989
Denmark,2019,0.74,0.24,0.02,1015
Denmark,2018,0.73,0.25,0.02,993
Denmark,2017,0.69,0.29,0.02,980
Denmark,2016,0.69,0.29,0.02,990
Denmark,2015,0.68,0.3,0.02,977
Denmark,2014,0.67,0.32,0.02,1960
Denmark,2013,0.7,0.29,0.01,731
Denmark,2012,0.71,0.27,0.02,964
Denmark,2011,0.74,0.24,0.02,967
Denmark,2010,0.72,0.27,0.01,962
Denmark,2009,0.72,0.27,0.01,963
Denmark,2008,0.82,0.17,0.01,932
Denmark,2007,0.75,0.24,0.01,950
Denmark,2006,0.83,0.17,0,910
Djibouti,2011,0.14,0.69,0.17,946
Djibouti,2010,0.19,0.71,0.11,953
Djibouti,2009,0.11,0.83,0.06,1997
Djibouti,2008,0.13,0.83,0.04,990
Dominican Republic,2021,0.4,0.54,0.07,873
Dominican Republic,2020,0.26,0.64,0.1,961
Dominican Republic,2019,0.43,0.49,0.08,945
Dominican Republic,2018,0.31,0.55,0.14,850
Dominican Republic,2017,0.36,0.57,0.08,844
Dominican Republic,2016,0.3,0.6,0.11,830
Dominican Republic,2015,0.27,0.61,0.11,831
Dominican Republic,2014,0.32,0.58,0.1,869
Dominican Republic,2013,0.26,0.6,0.13,910
Dominican Republic,2012,0.22,0.6,0.17,906
Dominican Republic,2011,0.31,0.59,0.1,892
Dominican Republic,2010,0.26,0.56,0.18,823
Dominican Republic,2009,0.35,0.54,0.11,869
Dominican Republic,2008,0.28,0.53,0.19,837
Dominican Republic,2007,0.31,0.58,0.11,805
Dominican Republic,2006,0.3,0.58,0.12,794
Ecuador,2021,0.28,0.62,0.1,953
Ecuador,2020,0.28,0.62,0.09,938
Ecuador,2019,0.31,0.62,0.07,907
Ecuador,2018,0.4,0.54,0.07,892
Ecuador,2017,0.37,0.54,0.09,904
Ecuador,2016,0.38,0.54,0.08,925
Ecuador,2015,0.42,0.49,0.09,951
Ecuador,2014,0.38,0.53,0.09,887
Ecuador,2013,0.36,0.56,0.08,909
Ecuador,2012,0.37,0.55,0.08,927
Ecuador,2011,0.3,0.59,0.11,921
Ecuador,2010,0.24,0.69,0.07,940
Ecuador,2009,0.34,0.52,0.15,908
Ecuador,2008,0.22,0.62,0.15,860
Ecuador,2007,0.2,0.63,0.18,950
Ecuador,2006,0.2,0.63,0.16,960
Egypt,2021,0.08,0.64,0.28,894
Egypt,2020,0.18,0.62,0.21,821
Egypt,2019,0.08,0.71,0.22,1750
Egypt,2018,0.06,0.64,0.3,743
Egypt,2017,0.08,0.54,0.37,850
Egypt,2016,0.11,0.72,0.17,918
Egypt,2015,0.11,0.74,0.14,969
Egypt,2014,0.17,0.67,0.16,823
Egypt,2013,0.09,0.58,0.34,960
Egypt,2012,0.08,0.69,0.23,3687
Egypt,2011,0.09,0.7,0.22,4282
Egypt,2010,0.12,0.62,0.27,1720
Egypt,2009,0.13,0.71,0.16,1959
Egypt,2008,0.13,0.65,0.22,942
Egypt,2007,0.25,0.61,0.14,918
Egypt,2006,0.28,0.59,0.13,882
El Salvador,2020,0.3,0.6,0.1,906
El Salvador,2019,0.43,0.51,0.06,920
El Salvador,2018,0.37,0.56,0.07,833
El Salvador,2017,0.44,0.47,0.08,839
El Salvador,2016,0.34,0.55,0.1,743
El Salvador,2015,0.37,0.5,0.13,773
El Salvador,2014,0.3,0.58,0.12,850
El Salvador,2013,0.36,0.55,0.09,916
El Salvador,2012,0.26,0.6,0.14,874
El Salvador,2011,0.17,0.51,0.33,920
El Salvador,2010,0.39,0.52,0.09,947
El Salvador,2009,0.42,0.51,0.07,948
El Salvador,2008,0.16,0.56,0.28,882
El Salvador,2007,0.17,0.58,0.25,884
El Salvador,2006,0.26,0.57,0.18,712
Estonia,2021,0.45,0.51,0.05,953
Estonia,2020,0.42,0.52,0.06,936
Estonia,2019,0.32,0.57,0.11,950
Estonia,2018,0.32,0.59,0.09,895
Estonia,2017,0.27,0.61,0.12,921
Estonia,2016,0.23,0.62,0.16,937
Estonia,2015,0.23,0.61,0.16,939
Estonia,2014,0.22,0.61,0.17,922
Estonia,2013,0.19,0.62,0.19,941
Estonia,2012,0.23,0.59,0.18,917
Estonia,2011,0.24,0.6,0.17,917
Estonia,2009,0.17,0.62,0.21,508
Estonia,2008,0.2,0.64,0.16,515
Estonia,2007,0.19,0.63,0.18,833
Estonia,2006,0.21,0.66,0.13,842
Eswatini,2019,0.15,0.75,0.1,1042
Eswatini,2018,0.11,0.78,0.11,952
Eswatini,2011,0.18,0.73,0.09,1000
Ethiopia,2020,0.19,0.75,0.06,967
Ethiopia,2019,0.09,0.78,0.13,2072
Ethiopia,2018,0.1,0.83,0.07,959
Ethiopia,2017,0.07,0.78,0.14,956
Ethiopia,2016,0.09,0.81,0.1,920
Ethiopia,2015,0.1,0.81,0.08,923
Ethiopia,2014,0.13,0.78,0.09,958
Ethiopia,2013,0.11,0.77,0.12,981
Ethiopia,2012,0.13,0.78,0.1,1463
Finland,2021,0.7,0.28,0.01,992
Finland,2020,0.73,0.25,0.01,988
Finland,2019,0.71,0.27,0.02,1015
Finland,2018,0.73,0.25,0.02,993
Finland,2017,0.7,0.28,0.02,981
Finland,2016,0.69,0.29,0.02,968
Finland,2015,0.63,0.36,0.02,969
Finland,2014,0.61,0.36,0.03,1919
Finland,2013,0.62,0.36,0.02,721
Finland,2012,0.61,0.36,0.03,964
Finland,2011,0.64,0.34,0.03,970
Finland,2010,0.64,0.34,0.03,951
Finland,2008,0.75,0.23,0.02,914
Finland,2006,0.68,0.31,0.01,943
France,2021,0.36,0.58,0.05,986
France,2020,0.34,0.63,0.03,978
France,2019,0.37,0.59,0.05,1010
France,2018,0.35,0.6,0.05,991
France,2017,0.38,0.56,0.05,979
France,2016,0.38,0.54,0.08,987
France,2015,0.33,0.57,0.1,981
France,2014,0.32,0.62,0.07,1925
France,2013,0.36,0.58,0.05,678
France,2012,0.39,0.57,0.04,1792
France,2011,0.46,0.5,0.04,901
France,2010,0.42,0.54,0.04,922
France,2009,0.35,0.6,0.06,809
France,2008,0.49,0.49,0.02,825
France,2007,0.47,0.49,0.04,999
France,2006,0.58,0.4,0.02,732
Gabon,2021,0.19,0.72,0.09,971
Gabon,2020,0.19,0.71,0.1,929
Gabon,2019,0.19,0.72,0.09,960
Gabon,2018,0.19,0.74,0.07,882
Gabon,2017,0.17,0.74,0.09,889
Gabon,2016,0.18,0.74,0.08,903
Gabon,2015,0.11,0.83,0.06,927
Gabon,2014,0.08,0.72,0.2,992
Gabon,2013,0.07,0.73,0.2,1003
Gabon,2012,0.07,0.76,0.16,962
Gabon,2011,0.11,0.74,0.15,995
Gambia,2019,0.31,0.58,0.1,956
Gambia,2018,0.24,0.63,0.13,861
Gambia,2017,0.1,0.62,0.28,938
Georgia,2020,0.25,0.64,0.11,886
Georgia,2019,0.2,0.62,0.18,846
Georgia,2018,0.18,0.62,0.2,776
Georgia,2017,0.1,0.69,0.21,784
Georgia,2016,0.12,0.62,0.26,778
Georgia,2015,0.1,0.58,0.32,804
Georgia,2014,0.13,0.62,0.25,822
Georgia,2013,0.11,0.68,0.21,810
Georgia,2012,0.12,0.66,0.22,769
Georgia,2011,0.11,0.61,0.28,815
Georgia,2010,0.1,0.66,0.24,816
Georgia,2009,0.1,0.56,0.35,729
Georgia,2008,0.11,0.71,0.19,876
Georgia,2007,0.06,0.6,0.34,822
Georgia,2006,0.07,0.66,0.27,778
Germany,2021,0.4,0.53,0.06,989
Germany,2020,0.6,0.36,0.04,979
Germany,2019,0.49,0.46,0.05,1002
Germany,2018,0.48,0.49,0.03,988
Germany,2017,0.48,0.5,0.02,995
Germany,2016,0.45,0.48,0.07,1973
Germany,2015,0.49,0.49,0.03,972
Germany,2014,0.54,0.42,0.04,1962
Germany,2013,0.5,0.45,0.05,712
Germany,2012,0.44,0.5,0.06,12460
Germany,2011,0.42,0.53,0.06,8700
Germany,2010,0.44,0.5,0.05,934
Germany,2009,0.43,0.5,0.07,949
Germany,2008,0.38,0.56,0.06,3713
Germany,2007,0.35,0.57,0.08,1112
Germany,2006,0.41,0.54,0.05,951
Ghana,2021,0.15,0.75,0.1,970
Ghana,2020,0.26,0.7,0.03,855
Ghana,2019,0.22,0.71,0.08,971
Ghana,2018,0.21,0.7,0.09,952
Ghana,2017,0.28,0.64,0.09,895
Ghana,2016,0.19,0.78,0.03,935
Ghana,2015,0.09,0.85,0.06,910
Ghana,2014,0.11,0.75,0.15,889
Ghana,2013,0.16,0.77,0.07,969
Ghana,2012,0.19,0.78,0.03,978
Ghana,2011,0.29,0.64,0.07,996
Ghana,2010,0.1,0.83,0.06,977
Ghana,2009,0.09,0.83,0.08,973
Ghana,2008,0.16,0.79,0.05,870
Ghana,2007,0.26,0.7,0.05,932
Ghana,2006,0.09,0.84,0.07,949
Greece,2021,0.34,0.57,0.08,977
Greece,2020,0.27,0.61,0.12,981
Greece,2019,0.32,0.55,0.13,1026
Greece,2018,0.18,0.62,0.2,938
Greece,2017,0.19,0.54,0.27,949
Greece,2016,0.19,0.57,0.24,975
Greece,2015,0.22,0.59,0.2,959
Greece,2014,0.18,0.46,0.36,963
Greece,2013,0.13,0.55,0.32,953
Greece,2012,0.14,0.6,0.26,923
Greece,2011,0.16,0.6,0.25,930
Greece,2010,0.21,0.61,0.19,921
Greece,2009,0.31,0.57,0.11,940
Greece,2007,0.44,0.49,0.07,860
Greece,2006,0.41,0.47,0.13,806
Guatemala,2019,0.37,0.55,0.08,976
Guatemala,2018,0.43,0.5,0.07,835
Guatemala,2017,0.41,0.5,0.09,877
Guatemala,2016,0.39,0.55,0.06,793
Guatemala,2015,0.42,0.52,0.07,770
Guatemala,2014,0.43,0.53,0.05,855
Guatemala,2013,0.37,0.51,0.12,875
Guatemala,2012,0.32,0.57,0.1,891
Guatemala,2011,0.33,0.49,0.18,908
Guatemala,2010,0.38,0.53,0.09,935
Guatemala,2009,0.4,0.5,0.1,912
Guatemala,2008,0.33,0.59,0.08,888
Guatemala,2007,0.32,0.61,0.06,861
Guatemala,2006,0.3,0.6,0.09,881
Guinea,2021,0.22,0.68,0.1,918
Guinea,2020,0.14,0.79,0.08,983
Guinea,2019,0.2,0.66,0.14,1006
Guinea,2018,0.26,0.62,0.12,797
Guinea,2017,0.21,0.63,0.16,825
Guinea,2016,0.08,0.66,0.26,960
Guinea,2015,0.06,0.78,0.16,967
Guinea,2014,0.05,0.76,0.19,979
Guinea,2013,0.07,0.79,0.14,997
Guinea,2012,0.04,0.76,0.2,999
Guinea,2011,0.05,0.9,0.05,958
Guyana,2007,0.31,0.64,0.05,477
Haiti,2018,0.14,0.46,0.4,447
Haiti,2017,0.04,0.63,0.33,458
Haiti,2016,0.03,0.54,0.43,493
Haiti,2015,0.08,0.49,0.44,487
Haiti,2014,0.07,0.52,0.41,469
Haiti,2013,0.09,0.59,0.32,500
Haiti,2012,0.04,0.64,0.32,482
Haiti,2011,0.1,0.73,0.18,483
Haiti,2010,0.02,0.7,0.27,481
Haiti,2008,0.04,0.6,0.35,465
Haiti,2006,0.03,0.66,0.31,452
Honduras,2019,0.4,0.5,0.1,806
Honduras,2018,0.37,0.52,0.12,824
Honduras,2017,0.37,0.55,0.07,823
Honduras,2016,0.37,0.52,0.11,778
Honduras,2015,0.26,0.54,0.19,791
Honduras,2014,0.25,0.58,0.17,847
Honduras,2013,0.21,0.53,0.26,875
Honduras,2012,0.14,0.6,0.25,933
Honduras,2011,0.22,0.58,0.19,893
Honduras,2010,0.32,0.56,0.12,919
Honduras,2009,0.37,0.49,0.14,899
Honduras,2008,0.26,0.59,0.14,876
Honduras,2007,0.19,0.58,0.24,898
Honduras,2006,0.28,0.6,0.12,737
Hong Kong,2021,0.15,0.69,0.16,999
Hong Kong,2020,0.13,0.69,0.18,999
Hong Kong,2019,0.15,0.73,0.12,979
Hong Kong,2017,0.16,0.67,0.17,994
Hong Kong,2016,0.14,0.7,0.16,980
Hong Kong,2014,0.14,0.71,0.14,1933
Hong Kong,2012,0.21,0.63,0.16,953
Hong Kong,2011,0.2,0.66,0.14,989
Hong Kong,2010,0.21,0.66,0.13,735
Hong Kong,2009,0.19,0.65,0.16,685
Hong Kong,2008,0.15,0.71,0.14,674
Hong Kong,2006,0.2,0.68,0.12,728
Hungary,2021,0.37,0.53,0.1,925
Hungary,2020,0.38,0.48,0.13,945
Hungary,2019,0.33,0.56,0.11,941
Hungary,2018,0.26,0.61,0.13,867
Hungary,2017,0.3,0.61,0.1,893
Hungary,2016,0.18,0.64,0.19,889
Hungary,2015,0.18,0.64,0.19,896
Hungary,2014,0.16,0.63,0.21,929
Hungary,2013,0.18,0.53,0.29,894
Hungary,2012,0.12,0.56,0.32,901
Hungary,2011,0.15,0.57,0.28,926
Hungary,2010,0.14,0.55,0.31,922
Hungary,2008,0.13,0.53,0.34,896
Hungary,2007,0.16,0.58,0.26,844
Hungary,2006,0.19,0.61,0.2,844
Iceland,2021,0.7,0.28,0.02,483
Iceland,2020,0.71,0.28,0.01,479
Iceland,2019,0.69,0.27,0.04,490
Iceland,2017,0.66,0.32,0.03,488
Iceland,2016,0.69,0.29,0.02,506
Iceland,2015,0.66,0.32,0.03,563
Iceland,2013,0.7,0.28,0.02,471
Iceland,2012,0.74,0.25,0.01,927
Iceland,2008,0.47,0.49,0.04,469
India,2021,0.11,0.55,0.34,2538
India,2020,0.16,0.61,0.23,7805
India,2019,0.1,0.5,0.39,5893
India,2018,0.09,0.64,0.27,2585
India,2017,0.03,0.65,0.32,2753
India,2016,0.05,0.63,0.32,2951
India,2015,0.08,0.64,0.28,2784
India,2014,0.14,0.55,0.31,2741
India,2013,0.13,0.59,0.28,2842
India,2012,0.13,0.62,0.25,11420
India,2011,0.11,0.66,0.24,3454
India,2010,0.17,0.64,0.19,5400
India,2009,0.1,0.69,0.21,2580
India,2008,0.19,0.74,0.07,1661
India,2007,0.16,0.75,0.09,2884
India,2006,0.21,0.67,0.12,1899
Indonesia,2021,0.25,0.71,0.04,1031
Indonesia,2020,0.2,0.72,0.08,1029
Indonesia,2019,0.27,0.67,0.06,2022
Indonesia,2018,0.26,0.68,0.06,947
Indonesia,2017,0.21,0.73,0.06,906
Indonesia,2016,0.21,0.71,0.08,913
Indonesia,2015,0.17,0.73,0.1,885
Indonesia,2014,0.25,0.7,0.05,949
Indonesia,2013,0.19,0.76,0.06,958
Indonesia,2012,0.2,0.75,0.05,2907
Indonesia,2011,0.15,0.75,0.09,993
Indonesia,2010,0.19,0.73,0.07,976
Indonesia,2009,0.18,0.72,0.1,1038
Indonesia,2008,0.11,0.8,0.09,852
Indonesia,2007,0.12,0.83,0.05,909
Indonesia,2006,0.12,0.76,0.12,971
Iran,2021,0.16,0.61,0.22,944
Iran,2020,0.17,0.59,0.24,945
Iran,2019,0.2,0.57,0.23,985
Iran,2018,0.12,0.54,0.34,941
Iran,2017,0.19,0.55,0.26,836
Iran,2016,0.19,0.55,0.26,821
Iran,2015,0.21,0.53,0.26,790
Iran,2014,0.19,0.52,0.29,1661
Iran,2013,0.19,0.59,0.22,760
Iran,2012,0.16,0.53,0.31,2801
Iran,2011,0.2,0.55,0.26,764
Iran,2008,0.19,0.66,0.14,975
Iran,2007,0.26,0.58,0.15,940
Iran,2006,0.24,0.64,0.12,1209
Iraq,2020,0.21,0.6,0.18,907
Iraq,2019,0.12,0.7,0.18,1033
Iraq,2018,0.2,0.66,0.13,949
Iraq,2017,0.16,0.65,0.19,843
Iraq,2016,0.14,0.63,0.22,843
Iraq,2015,0.18,0.62,0.2,776
Iraq,2014,0.2,0.63,0.17,1631
Iraq,2013,0.21,0.63,0.16,810
Iraq,2012,0.11,0.62,0.27,1837
Iraq,2011,0.11,0.67,0.22,1739
Iraq,2010,0.13,0.73,0.14,1786
Iraq,2009,0.07,0.72,0.2,1772
Iraq,2008,0.09,0.61,0.3,842
Ireland,2021,0.46,0.48,0.06,993
Ireland,2020,0.57,0.39,0.04,989
Ireland,2019,0.59,0.39,0.02,1008
Ireland,2018,0.53,0.42,0.05,992
Ireland,2017,0.53,0.43,0.04,992
Ireland,2016,0.51,0.44,0.05,973
Ireland,2015,0.47,0.5,0.03,985
Ireland,2014,0.52,0.44,0.03,1965
Ireland,2013,0.5,0.46,0.03,972
Ireland,2012,0.51,0.46,0.03,976
Ireland,2011,0.54,0.43,0.04,925
Ireland,2010,0.62,0.36,0.03,929
Ireland,2009,0.49,0.49,0.02,475
Ireland,2008,0.72,0.28,0,964
Ireland,2006,0.63,0.36,0.01,888
Israel,2020,0.59,0.39,0.02,985
Israel,2019,0.58,0.4,0.02,1055
Israel,2018,0.55,0.4,0.05,970
Israel,2017,0.66,0.32,0.02,983
Israel,2016,0.57,0.39,0.04,975
Israel,2015,0.56,0.4,0.04,971
Israel,2014,0.61,0.36,0.03,981
Israel,2013,0.59,0.38,0.03,966
Israel,2012,0.54,0.42,0.04,965
Israel,2011,0.65,0.32,0.03,976
Israel,2010,0.63,0.34,0.03,979
Israel,2009,0.62,0.35,0.03,970
Israel,2008,0.6,0.36,0.04,951
Israel,2007,0.53,0.42,0.05,943
Israel,2006,0.62,0.35,0.04,966
Italy,2021,0.34,0.6,0.06,992
Italy,2020,0.34,0.6,0.06,993
Italy,2019,0.31,0.62,0.06,1018
Italy,2018,0.34,0.62,0.04,989
Italy,2017,0.31,0.59,0.11,986
Italy,2016,0.26,0.64,0.1,987
Italy,2015,0.2,0.7,0.1,993
Italy,2014,0.27,0.63,0.1,1965
Italy,2013,0.2,0.75,0.06,955
Italy,2012,0.25,0.64,0.1,1891
Italy,2011,0.23,0.71,0.06,904
Italy,2010,0.37,0.56,0.07,927
Italy,2009,0.39,0.54,0.07,901
Italy,2008,0.42,0.52,0.06,762
Italy,2007,0.39,0.57,0.04,873
Italy,2006,0.45,0.51,0.04,826
Jamaica,2021,0.31,0.62,0.07,443
Jamaica,2020,0.27,0.71,0.03,453
Jamaica,2019,0.43,0.54,0.03,431
Jamaica,2017,0.31,0.62,0.07,454
Jamaica,2014,0.27,0.66,0.07,429
Jamaica,2013,0.34,0.61,0.05,432
Jamaica,2011,0.29,0.61,0.09,462
Jamaica,2006,0.46,0.49,0.05,487
Japan,2021,0.29,0.61,0.1,965
Japan,2020,0.27,0.63,0.1,984
Japan,2019,0.26,0.62,0.13,984
Japan,2018,0.22,0.65,0.13,962
Japan,2017,0.23,0.65,0.12,925
Japan,2016,0.24,0.62,0.13,960
Japan,2015,0.22,0.66,0.11,945
Japan,2014,0.22,0.64,0.13,1910
Japan,2013,0.23,0.64,0.13,951
Japan,2012,0.23,0.62,0.15,1935
Japan,2011,0.26,0.65,0.1,970
Japan,2010,0.26,0.63,0.12,959
Japan,2009,0.19,0.69,0.12,992
Japan,2008,0.2,0.67,0.13,2918
Japan,2007,0.3,0.61,0.1,1115
Japan,2006,0.33,0.6,0.06,959
Jordan,2021,0.16,0.58,0.27,829
Jordan,2020,0.16,0.64,0.21,898
Jordan,2019,0.19,0.59,0.22,930
Jordan,2018,0.2,0.63,0.17,895
Jordan,2017,0.18,0.64,0.18,975
Jordan,2016,0.27,0.57,0.16,889
Jordan,2015,0.29,0.6,0.11,883
Jordan,2014,0.29,0.54,0.17,875
Jordan,2013,0.27,0.56,0.18,907
Jordan,2012,0.19,0.66,0.14,1786
Jordan,2011,0.3,0.57,0.13,1825
Jordan,2010,0.3,0.56,0.14,1845
Jordan,2009,0.32,0.61,0.07,1948
Jordan,2008,0.2,0.48,0.32,933
Jordan,2007,0.24,0.58,0.18,935
Jordan,2006,0.41,0.53,0.06,886
Kazakhstan,2021,0.39,0.56,0.05,917
Kazakhstan,2020,0.43,0.53,0.04,920
Kazakhstan,2019,0.41,0.54,0.04,978
Kazakhstan,2018,0.36,0.6,0.04,868
Kazakhstan,2017,0.31,0.62,0.07,890
Kazakhstan,2016,0.22,0.6,0.18,867
Kazakhstan,2015,0.35,0.59,0.06,890
Kazakhstan,2014,0.31,0.62,0.07,890
Kazakhstan,2013,0.27,0.68,0.05,876
Kazakhstan,2012,0.3,0.66,0.04,891
Kazakhstan,2011,0.31,0.58,0.11,851
Kazakhstan,2010,0.27,0.61,0.11,833
Kazakhstan,2009,0.22,0.72,0.06,864
Kazakhstan,2008,0.39,0.57,0.04,788
Kazakhstan,2007,0.31,0.63,0.05,911
Kazakhstan,2006,0.26,0.66,0.08,973
Kenya,2021,0.19,0.65,0.16,981
Kenya,2020,0.13,0.77,0.1,959
Kenya,2019,0.19,0.68,0.13,934
Kenya,2018,0.18,0.7,0.12,944
Kenya,2017,0.16,0.73,0.11,961
Kenya,2016,0.11,0.79,0.1,980
Kenya,2015,0.09,0.79,0.12,974
Kenya,2014,0.17,0.72,0.1,959
Kenya,2013,0.05,0.78,0.17,963
Kenya,2012,0.07,0.85,0.08,988
Kenya,2011,0.1,0.77,0.13,990
Kenya,2010,0.06,0.78,0.16,983
Kenya,2009,0.09,0.78,0.13,985
Kenya,2008,0.03,0.75,0.22,2044
Kenya,2007,0.08,0.82,0.1,941
Kenya,2006,0.07,0.77,0.15,915
Kosovo,2020,0.43,0.5,0.07,943
Kosovo,2019,0.41,0.53,0.05,1061
Kosovo,2018,0.43,0.51,0.06,961
Kosovo,2017,0.36,0.56,0.08,950
Kosovo,2016,0.32,0.6,0.08,945
Kosovo,2015,0.21,0.57,0.22,979
Kosovo,2014,0.11,0.7,0.19,905
Kosovo,2013,0.42,0.52,0.07,977
Kosovo,2012,0.28,0.61,0.11,991
Kosovo,2011,0.16,0.68,0.16,1013
Kosovo,2010,0.2,0.66,0.13,975
Kosovo,2009,0.25,0.7,0.05,977
Kosovo,2008,0.29,0.65,0.06,966
Kosovo,2006,0.19,0.69,0.12,985
Kuwait,2019,0.39,0.56,0.05,858
Kuwait,2018,0.43,0.52,0.06,844
Kuwait,2017,0.39,0.55,0.06,778
Kuwait,2016,0.37,0.58,0.05,859
Kuwait,2015,0.38,0.57,0.05,825
Kuwait,2014,0.37,0.59,0.04,1726
Kuwait,2013,0.45,0.52,0.03,905
Kuwait,2012,0.34,0.63,0.02,996
Kuwait,2011,0.4,0.57,0.03,1957
Kuwait,2010,0.46,0.52,0.02,1994
Kuwait,2009,0.46,0.52,0.02,1927
Kuwait,2006,0.29,0.67,0.04,840
Kyrgyzstan,2021,0.23,0.74,0.03,894
Kyrgyzstan,2020,0.37,0.61,0.02,831
Kyrgyzstan,2019,0.26,0.71,0.02,913
Kyrgyzstan,2018,0.2,0.76,0.03,857
Kyrgyzstan,2017,0.25,0.73,0.02,885
Kyrgyzstan,2016,0.14,0.79,0.07,903
Kyrgyzstan,2015,0.15,0.78,0.07,902
Kyrgyzstan,2014,0.18,0.72,0.1,909
Kyrgyzstan,2013,0.21,0.75,0.04,779
Kyrgyzstan,2012,0.15,0.8,0.05,931
Kyrgyzstan,2011,0.13,0.79,0.08,837
Kyrgyzstan,2010,0.14,0.79,0.07,899
Kyrgyzstan,2009,0.13,0.81,0.07,865
Kyrgyzstan,2008,0.12,0.75,0.14,763
Kyrgyzstan,2007,0.08,0.82,0.1,878
Kyrgyzstan,2006,0.09,0.77,0.15,948
Lao People's Democratic Republic,2021,0.22,0.7,0.08,626
Lao People's Democratic Republic,2020,0.24,0.71,0.05,816
Lao People's Democratic Republic,2019,0.25,0.68,0.07,650
Lao People's Democratic Republic,2018,0.17,0.74,0.09,1551
Lao People's Democratic Republic,2017,0.11,0.81,0.08,626
Lao People's Democratic Republic,2012,0.11,0.83,0.07,870
Lao People's Democratic Republic,2011,0.03,0.92,0.05,977
Lao People's Democratic Republic,2008,0.07,0.89,0.04,996
Lao People's Democratic Republic,2007,0.13,0.85,0.02,989
Lao People's Democratic Republic,2006,0.02,0.96,0.02,973
Latvia,2021,0.43,0.5,0.07,922
Latvia,2020,0.36,0.54,0.1,904
Latvia,2019,0.28,0.64,0.08,946
Latvia,2018,0.32,0.57,0.11,892
Latvia,2017,0.33,0.54,0.12,890
Latvia,2016,0.32,0.59,0.09,929
Latvia,2015,0.33,0.55,0.12,894
Latvia,2014,0.3,0.56,0.14,922
Latvia,2013,0.18,0.63,0.19,914
Latvia,2012,0.2,0.58,0.22,901
Latvia,2011,0.16,0.61,0.23,857
Latvia,2009,0.11,0.64,0.25,450
Latvia,2008,0.18,0.62,0.2,476
Latvia,2007,0.12,0.63,0.25,968
Latvia,2006,0.11,0.66,0.23,952
Lebanon,2021,0.03,0.31,0.66,924
Lebanon,2020,0.03,0.49,0.48,801
Lebanon,2019,0.04,0.57,0.39,985
Lebanon,2018,0.18,0.63,0.2,889
Lebanon,2017,0.16,0.64,0.19,947
Lebanon,2016,0.23,0.57,0.21,898
Lebanon,2015,0.22,0.59,0.19,907
Lebanon,2014,0.2,0.61,0.19,838
Lebanon,2013,0.15,0.59,0.26,896
Lebanon,2012,0.13,0.58,0.29,1781
Lebanon,2011,0.21,0.6,0.19,1852
Lebanon,2010,0.21,0.58,0.21,1799
Lebanon,2009,0.22,0.62,0.16,1787
Lebanon,2008,0.17,0.58,0.25,911
Lebanon,2007,0.17,0.63,0.2,875
Lebanon,2006,0.23,0.66,0.11,917
Lesotho,2019,0.14,0.58,0.28,823
Lesotho,2017,0.13,0.62,0.26,843
Lesotho,2016,0.15,0.58,0.27,892
Lesotho,2011,0.21,0.63,0.16,998
Liberia,2019,0.32,0.54,0.15,906
Liberia,2018,0.22,0.63,0.15,925
Liberia,2017,0.25,0.62,0.13,905
Liberia,2016,0.1,0.67,0.22,857
Liberia,2015,0.09,0.57,0.34,868
Liberia,2014,0.18,0.54,0.28,909
Liberia,2010,0.08,0.82,0.1,991
Liberia,2008,0.06,0.89,0.05,984
Liberia,2007,0.05,0.9,0.06,970
Libya,2019,0.22,0.7,0.08,870
Libya,2018,0.19,0.74,0.06,866
Libya,2017,0.24,0.71,0.04,843
Libya,2016,0.21,0.72,0.07,783
Libya,2015,0.26,0.66,0.09,880
Libya,2012,0.31,0.67,0.02,907
Lithuania,2021,0.48,0.48,0.04,942
Lithuania,2020,0.45,0.49,0.05,903
Lithuania,2019,0.26,0.64,0.1,786
Lithuania,2018,0.39,0.52,0.08,811
Lithuania,2017,0.36,0.57,0.07,929
Lithuania,2016,0.3,0.54,0.16,817
Lithuania,2015,0.27,0.58,0.15,841
Lithuania,2014,0.33,0.57,0.1,890
Lithuania,2013,0.23,0.63,0.15,863
Lithuania,2012,0.29,0.57,0.14,882
Lithuania,2011,0.23,0.61,0.16,868
Lithuania,2010,0.2,0.57,0.24,814
Lithuania,2009,0.25,0.57,0.18,403
Lithuania,2008,0.29,0.55,0.16,396
Lithuania,2007,0.37,0.46,0.17,827
Lithuania,2006,0.35,0.54,0.1,873
Luxembourg,2019,0.59,0.4,0.01,1013
Luxembourg,2018,0.5,0.48,0.02,991
Luxembourg,2017,0.46,0.53,0.01,991
Luxembourg,2016,0.39,0.59,0.02,976
Luxembourg,2015,0.36,0.61,0.03,986
Luxembourg,2014,0.38,0.6,0.02,1945
Luxembourg,2013,0.4,0.6,0.01,478
Luxembourg,2012,0.46,0.51,0.03,933
Luxembourg,2011,0.45,0.54,0.01,946
Luxembourg,2010,0.45,0.52,0.03,952
Luxembourg,2008,0.45,0.54,0.01,464
Madagascar,2019,0.11,0.75,0.14,978
Madagascar,2018,0.14,0.73,0.14,905
Madagascar,2017,0.11,0.72,0.17,921
Madagascar,2016,0.04,0.72,0.23,993
Madagascar,2015,0.02,0.69,0.29,993
Madagascar,2014,0.05,0.66,0.29,995
Madagascar,2013,0.05,0.65,0.3,993
Madagascar,2012,0.03,0.66,0.31,991
Madagascar,2011,0.04,0.88,0.08,1000
Madagascar,2008,0.07,0.84,0.1,995
Madagascar,2006,0.03,0.74,0.23,983
Malawi,2021,0.16,0.62,0.22,943
Malawi,2019,0.17,0.64,0.18,903
Malawi,2018,0.12,0.63,0.25,897
Malawi,2017,0.09,0.73,0.18,967
Malawi,2016,0.06,0.72,0.22,987
Malawi,2015,0.11,0.73,0.16,943
Malawi,2014,0.19,0.63,0.18,995
Malawi,2013,0.14,0.67,0.19,987
Malawi,2012,0.16,0.58,0.27,976
Malawi,2011,0.13,0.59,0.28,990
Malawi,2009,0.25,0.64,0.1,1000
Malawi,2007,0.14,0.79,0.07,987
Malawi,2006,0.08,0.6,0.33,974
Malaysia,2020,0.3,0.67,0.03,927
Malaysia,2019,0.25,0.65,0.1,927
Malaysia,2018,0.18,0.75,0.08,898
Malaysia,2015,0.37,0.6,0.03,990
Malaysia,2014,0.3,0.64,0.06,1857
Malaysia,2013,0.25,0.7,0.05,970
Malaysia,2012,0.26,0.7,0.04,921
Malaysia,2011,0.26,0.68,0.06,959
Malaysia,2010,0.17,0.79,0.04,960
Malaysia,2009,0.15,0.8,0.05,929
Malaysia,2008,0.25,0.69,0.06,898
Malaysia,2007,0.39,0.59,0.02,1044
Malaysia,2006,0.34,0.64,0.03,959
Maldives,2017,0.19,0.74,0.08,916
Mali,2021,0.14,0.72,0.14,949
Mali,2020,0.12,0.78,0.11,953
Mali,2019,0.24,0.65,0.11,1069
Mali,2018,0.13,0.75,0.12,869
Mali,2017,0.15,0.76,0.09,876
Mali,2016,0.05,0.9,0.05,925
Mali,2015,0.09,0.87,0.04,954
Mali,2014,0.1,0.8,0.1,996
Mali,2013,0.07,0.79,0.15,998
Mali,2012,0.11,0.76,0.13,991
Mali,2011,0.11,0.8,0.09,993
Mali,2010,0.04,0.77,0.19,999
Mali,2009,0.05,0.77,0.18,991
Mali,2008,0.03,0.7,0.28,976
Mali,2006,0.06,0.86,0.08,992
Malta,2021,0.4,0.55,0.05,958
Malta,2020,0.35,0.62,0.03,962
Malta,2019,0.44,0.52,0.04,980
Malta,2018,0.48,0.5,0.03,959
Malta,2017,0.44,0.53,0.03,970
Malta,2016,0.42,0.56,0.02,974
Malta,2015,0.39,0.56,0.05,942
Malta,2014,0.37,0.59,0.04,1901
Malta,2013,0.41,0.55,0.04,382
Malta,2012,0.32,0.57,0.1,690
Malta,2011,0.34,0.55,0.11,712
Malta,2010,0.3,0.59,0.11,675
Malta,2008,0.4,0.48,0.12,290
Mauritania,2019,0.12,0.63,0.25,955
Mauritania,2018,0.1,0.71,0.2,855
Mauritania,2017,0.15,0.75,0.1,891
Mauritania,2016,0.13,0.74,0.13,940
Mauritania,2015,0.04,0.85,0.12,895
Mauritania,2014,0.09,0.79,0.12,954
Mauritania,2013,0.06,0.84,0.1,949
Mauritania,2012,0.07,0.87,0.05,955
Mauritania,2011,0.16,0.79,0.05,1927
Mauritania,2010,0.13,0.82,0.05,1968
Mauritania,2009,0.08,0.82,0.1,1719
Mauritania,2008,0.05,0.82,0.13,866
Mauritania,2007,0.14,0.72,0.14,896
Mauritius,2021,0.33,0.61,0.06,955
Mauritius,2020,0.29,0.65,0.06,950
Mauritius,2019,0.37,0.6,0.03,985
Mauritius,2018,0.33,0.6,0.07,960
Mauritius,2017,0.32,0.64,0.04,943
Mauritius,2016,0.29,0.56,0.15,888
Mauritius,2014,0.23,0.64,0.13,863
Mauritius,2011,0.2,0.65,0.15,989
Mexico,2021,0.37,0.54,0.09,967
Mexico,2020,0.39,0.51,0.1,942
Mexico,2019,0.45,0.48,0.07,892
Mexico,2018,0.51,0.44,0.05,976
Mexico,2017,0.41,0.51,0.07,946
Mexico,2016,0.53,0.43,0.04,989
Mexico,2015,0.38,0.5,0.13,1021
Mexico,2014,0.46,0.46,0.08,998
Mexico,2013,0.61,0.34,0.05,945
Mexico,2012,0.58,0.37,0.05,1891
Mexico,2011,0.47,0.46,0.08,932
Mexico,2010,0.52,0.44,0.04,953
Mexico,2009,0.52,0.43,0.05,958
Mexico,2008,0.52,0.44,0.04,927
Mexico,2007,0.45,0.5,0.05,940
Mexico,2006,0.47,0.46,0.07,909
"Moldova, Republic of",2021,0.38,0.54,0.08,882
"Moldova, Republic of",2020,0.36,0.55,0.09,859
"Moldova, Republic of",2019,0.34,0.56,0.1,897
"Moldova, Republic of",2018,0.29,0.57,0.14,883
"Moldova, Republic of",2017,0.2,0.61,0.19,936
"Moldova, Republic of",2016,0.26,0.59,0.15,882
"Moldova, Republic of",2015,0.37,0.53,0.09,944
"Moldova, Republic of",2014,0.23,0.68,0.09,909
"Moldova, Republic of",2013,0.28,0.6,0.12,890
"Moldova, Republic of",2012,0.32,0.56,0.12,905
"Moldova, Republic of",2011,0.32,0.54,0.14,867
"Moldova, Republic of",2010,0.28,0.56,0.16,839
"Moldova, Republic of",2009,0.25,0.62,0.13,863
"Moldova, Republic of",2008,0.28,0.6,0.12,851
"Moldova, Republic of",2007,0.15,0.65,0.2,842
"Moldova, Republic of",2006,0.17,0.68,0.16,900
Mongolia,2021,0.29,0.67,0.04,931
Mongolia,2020,0.37,0.61,0.02,967
Mongolia,2019,0.26,0.71,0.03,1002
Mongolia,2018,0.26,0.71,0.03,920
Mongolia,2017,0.26,0.69,0.05,931
Mongolia,2016,0.17,0.81,0.03,913
Mongolia,2015,0.17,0.79,0.04,874
Mongolia,2014,0.13,0.82,0.05,871
Mongolia,2013,0.17,0.79,0.04,883
Mongolia,2012,0.13,0.84,0.03,856
Mongolia,2011,0.15,0.82,0.03,866
Mongolia,2010,0.11,0.83,0.07,901
Mongolia,2008,0.07,0.81,0.12,804
Mongolia,2007,0.1,0.82,0.08,824
Montenegro,2020,0.35,0.55,0.1,901
Montenegro,2019,0.25,0.56,0.19,1052
Montenegro,2018,0.29,0.54,0.17,980
Montenegro,2017,0.29,0.54,0.17,962
Montenegro,2016,0.24,0.55,0.21,982
Montenegro,2015,0.25,0.48,0.26,978
Montenegro,2014,0.27,0.5,0.23,994
Montenegro,2013,0.23,0.56,0.21,956
Montenegro,2012,0.25,0.52,0.24,962
Montenegro,2011,0.22,0.57,0.21,960
Montenegro,2010,0.25,0.61,0.14,962
Montenegro,2009,0.19,0.58,0.23,978
Montenegro,2006,0.26,0.58,0.16,768
Morocco,2021,0.24,0.69,0.07,799
Morocco,2020,0.27,0.64,0.09,776
Morocco,2019,0.23,0.65,0.12,607
Morocco,2018,0.24,0.6,0.15,524
Morocco,2017,0.24,0.69,0.07,662
Morocco,2016,0.26,0.69,0.06,597
Morocco,2015,0.2,0.66,0.14,669
Morocco,2014,0.19,0.69,0.12,765
Morocco,2013,0.14,0.73,0.13,863
Morocco,2012,0.21,0.66,0.13,1490
Morocco,2011,0.11,0.79,0.1,1936
Morocco,2010,0.07,0.78,0.14,983
Mozambique,2019,0.28,0.51,0.21,886
Mozambique,2018,0.2,0.64,0.15,868
Mozambique,2017,0.18,0.57,0.25,868
Mozambique,2015,0.22,0.54,0.24,915
Mozambique,2011,0.23,0.72,0.05,1000
Mozambique,2008,0.1,0.78,0.11,989
Mozambique,2007,0.14,0.76,0.09,868
Mozambique,2006,0.14,0.71,0.15,989
Myanmar,2021,0.13,0.79,0.08,977
Myanmar,2020,0.16,0.75,0.09,964
Myanmar,2019,0.13,0.77,0.11,986
Myanmar,2018,0.12,0.77,0.1,877
Myanmar,2017,0.11,0.74,0.15,1301
Myanmar,2016,0.11,0.8,0.09,975
Myanmar,2015,0.05,0.86,0.09,961
Myanmar,2014,0.06,0.86,0.07,1001
Myanmar,2013,0.07,0.75,0.17,795
Myanmar,2012,0.1,0.77,0.13,930
Nagorno-Karabakh Region,2013,0.13,0.72,0.16,925
Namibia,2021,0.17,0.71,0.12,961
Namibia,2020,0.13,0.71,0.15,958
Namibia,2019,0.16,0.66,0.18,965
Namibia,2018,0.14,0.78,0.08,972
Namibia,2017,0.18,0.69,0.13,961
Namibia,2014,0.18,0.63,0.19,894
Namibia,2007,0.11,0.79,0.1,992
Nepal,2021,0.17,0.6,0.23,926
Nepal,2020,0.34,0.57,0.09,959
Nepal,2019,0.26,0.58,0.17,1827
Nepal,2018,0.21,0.64,0.15,905
Nepal,2017,0.15,0.69,0.16,841
Nepal,2016,0.22,0.69,0.09,813
Nepal,2015,0.18,0.68,0.15,796
Nepal,2014,0.15,0.73,0.13,887
Nepal,2013,0.11,0.72,0.16,946
Nepal,2012,0.08,0.69,0.23,1761
Nepal,2011,0.04,0.65,0.31,968
Nepal,2010,0.09,0.66,0.25,974
Nepal,2008,0.07,0.82,0.11,792
Nepal,2007,0.12,0.79,0.08,791
Nepal,2006,0.06,0.87,0.07,786
Netherlands,2021,0.64,0.35,0.01,983
Netherlands,2020,0.67,0.33,0,984
Netherlands,2019,0.63,0.36,0.01,1012
Netherlands,2018,0.65,0.34,0.01,992
Netherlands,2017,0.66,0.33,0.01,981
Netherlands,2016,0.6,0.38,0.02,987
Netherlands,2015,0.58,0.4,0.02,984
Netherlands,2014,0.61,0.37,0.02,1953
Netherlands,2013,0.61,0.38,0.01,732
Netherlands,2012,0.62,0.36,0.02,959
Netherlands,2011,0.66,0.33,0.01,930
Netherlands,2010,0.62,0.36,0.02,953
Netherlands,2008,0.68,0.32,0.01,942
Netherlands,2007,0.66,0.32,0.02,934
Netherlands,2006,0.62,0.37,0.02,887
New Zealand,2021,0.56,0.41,0.02,983
New Zealand,2020,0.59,0.4,0.01,978
New Zealand,2019,0.56,0.42,0.02,1015
New Zealand,2018,0.59,0.4,0.02,971
New Zealand,2017,0.6,0.38,0.02,960
New Zealand,2016,0.57,0.41,0.02,962
New Zealand,2015,0.66,0.33,0.01,959
New Zealand,2014,0.62,0.37,0.02,1915
New Zealand,2013,0.6,0.38,0.02,486
New Zealand,2012,0.62,0.36,0.02,967
New Zealand,2011,0.6,0.38,0.02,959
New Zealand,2010,0.63,0.35,0.02,718
New Zealand,2008,0.63,0.35,0.02,717
New Zealand,2007,0.71,0.28,0.01,727
New Zealand,2006,0.66,0.33,0.02,997
Nicaragua,2021,0.39,0.51,0.09,805
Nicaragua,2020,0.38,0.57,0.04,937
Nicaragua,2019,0.4,0.54,0.05,890
Nicaragua,2018,0.32,0.61,0.07,818
Nicaragua,2017,0.44,0.51,0.05,832
Nicaragua,2016,0.39,0.54,0.07,766
Nicaragua,2015,0.4,0.52,0.08,771
Nicaragua,2014,0.45,0.48,0.07,885
Nicaragua,2013,0.31,0.6,0.09,861
Nicaragua,2012,0.22,0.64,0.14,896
Nicaragua,2011,0.28,0.53,0.19,874
Nicaragua,2010,0.32,0.53,0.15,873
Nicaragua,2009,0.3,0.53,0.17,881
Nicaragua,2008,0.21,0.56,0.23,853
Nicaragua,2007,0.26,0.55,0.19,790
Nicaragua,2006,0.2,0.54,0.26,658
Niger,2019,0.2,0.7,0.1,810
Niger,2018,0.24,0.55,0.21,560
Niger,2017,0.15,0.66,0.19,914
Niger,2016,0.12,0.6,0.29,963
Niger,2015,0.07,0.84,0.09,962
Niger,2014,0.1,0.81,0.09,993
Niger,2013,0.04,0.88,0.08,1003
Niger,2012,0.02,0.81,0.17,992
Niger,2011,0.07,0.87,0.06,1000
Niger,2010,0.03,0.9,0.06,1000
Niger,2009,0.03,0.86,0.11,992
Niger,2008,0.04,0.82,0.14,933
Niger,2007,0.05,0.8,0.15,935
Niger,2006,0.04,0.69,0.27,992
Nigeria,2021,0.17,0.78,0.05,967
Nigeria,2020,0.29,0.69,0.02,897
Nigeria,2019,0.18,0.74,0.09,2751
Nigeria,2018,0.29,0.7,0.02,915
Nigeria,2017,0.27,0.65,0.07,931
Nigeria,2016,0.21,0.74,0.05,944
Nigeria,2015,0.25,0.73,0.03,977
Nigeria,2013,0.17,0.77,0.07,968
Nigeria,2012,0.23,0.76,0.01,1982
Nigeria,2010,0.13,0.84,0.03,992
Nigeria,2009,0.18,0.78,0.04,939
Nigeria,2008,0.14,0.83,0.03,929
Nigeria,2007,0.14,0.81,0.05,932
Nigeria,2006,0.13,0.82,0.05,855
North Macedonia,2021,0.29,0.55,0.15,938
North Macedonia,2020,0.22,0.61,0.17,876
North Macedonia,2019,0.19,0.61,0.2,979
North Macedonia,2018,0.2,0.65,0.15,880
North Macedonia,2017,0.22,0.65,0.13,920
North Macedonia,2016,0.2,0.62,0.18,947
North Macedonia,2015,0.16,0.63,0.21,920
North Macedonia,2014,0.23,0.59,0.18,935
North Macedonia,2013,0.24,0.6,0.16,933
North Macedonia,2012,0.16,0.52,0.31,969
North Macedonia,2011,0.17,0.58,0.25,975
North Macedonia,2010,0.1,0.52,0.37,959
North Macedonia,2009,0.11,0.62,0.26,982
North Macedonia,2006,0.14,0.54,0.32,997
Northern Cyprus,2019,0.19,0.67,0.15,1000
Northern Cyprus,2018,0.18,0.68,0.15,949
Northern Cyprus,2016,0.25,0.67,0.08,931
Northern Cyprus,2015,0.31,0.58,0.1,884
Northern Cyprus,2014,0.32,0.58,0.1,1800
Northern Cyprus,2013,0.29,0.55,0.16,432
Northern Cyprus,2012,0.27,0.56,0.17,445
Norway,2021,0.63,0.36,0.01,1006
Norway,2020,0.59,0.39,0.01,993
Norway,2019,0.62,0.36,0.02,1015
Norway,2018,0.63,0.35,0.02,989
Norway,2017,0.66,0.32,0.02,986
Norway,2016,0.67,0.32,0.02,1978
Norway,2015,0.68,0.3,0.02,979
Norway,2014,0.62,0.36,0.02,1941
Norway,2012,0.7,0.28,0.01,935
Norway,2008,0.69,0.31,0,925
Norway,2006,0.64,0.35,0.01,960
Oman,2011,0.51,0.47,0.02,1897
Pakistan,2020,0.22,0.54,0.25,932
Pakistan,2019,0.13,0.55,0.33,1059
Pakistan,2018,0.25,0.65,0.1,960
Pakistan,2017,0.27,0.64,0.09,1563
Pakistan,2016,0.26,0.63,0.11,1000
Pakistan,2015,0.18,0.65,0.17,988
Pakistan,2014,0.25,0.59,0.16,940
Pakistan,2013,0.18,0.69,0.13,969
Pakistan,2012,0.18,0.64,0.18,2882
Pakistan,2011,0.2,0.59,0.21,891
Pakistan,2010,0.32,0.51,0.18,965
Pakistan,2009,0.22,0.58,0.2,2689
Pakistan,2008,0.11,0.5,0.39,1734
Pakistan,2007,0.31,0.54,0.15,1062
Pakistan,2006,0.23,0.62,0.15,716
Palestinian Territories,2019,0.16,0.66,0.18,979
Palestinian Territories,2018,0.2,0.61,0.18,879
Palestinian Territories,2017,0.18,0.61,0.21,866
Palestinian Territories,2016,0.18,0.61,0.21,920
Palestinian Territories,2015,0.17,0.61,0.22,933
Palestinian Territories,2014,0.18,0.64,0.18,892
Palestinian Territories,2013,0.14,0.68,0.18,923
Palestinian Territories,2012,0.12,0.68,0.2,1888
Palestinian Territories,2011,0.14,0.67,0.19,1822
Palestinian Territories,2010,0.14,0.7,0.16,1868
Palestinian Territories,2009,0.13,0.69,0.18,1915
Palestinian Territories,2008,0.15,0.64,0.22,909
Palestinian Territories,2007,0.11,0.67,0.22,907
Palestinian Territories,2006,0.17,0.62,0.22,835
Panama,2019,0.39,0.54,0.07,1000
Panama,2018,0.41,0.53,0.06,905
Panama,2017,0.47,0.5,0.03,896
Panama,2016,0.4,0.52,0.08,937
Panama,2015,0.48,0.46,0.06,933
Panama,2014,0.48,0.47,0.05,886
Panama,2013,0.51,0.45,0.04,977
Panama,2012,0.41,0.54,0.05,973
Panama,2011,0.55,0.42,0.03,986
Panama,2010,0.61,0.37,0.02,971
Panama,2009,0.58,0.39,0.03,953
Panama,2008,0.51,0.46,0.02,943
Panama,2007,0.44,0.51,0.05,932
Panama,2006,0.39,0.56,0.05,902
Paraguay,2021,0.34,0.57,0.09,822
Paraguay,2020,0.28,0.67,0.05,922
Paraguay,2019,0.31,0.59,0.11,938
Paraguay,2018,0.32,0.59,0.09,834
Paraguay,2017,0.31,0.64,0.05,851
Paraguay,2016,0.33,0.58,0.09,796
Paraguay,2015,0.32,0.62,0.06,945
Paraguay,2014,0.22,0.73,0.05,905
Paraguay,2013,0.35,0.63,0.02,949
Paraguay,2012,0.26,0.7,0.04,962
Paraguay,2011,0.28,0.66,0.06,874
Paraguay,2010,0.31,0.62,0.06,899
Paraguay,2009,0.32,0.59,0.09,839
Paraguay,2008,0.28,0.66,0.06,807
Paraguay,2007,0.19,0.63,0.19,765
Paraguay,2006,0.1,0.66,0.24,836
Peru,2021,0.34,0.58,0.08,940
Peru,2020,0.23,0.67,0.1,950
Peru,2019,0.36,0.57,0.07,943
Peru,2018,0.34,0.57,0.09,925
Peru,2017,0.34,0.59,0.07,937
Peru,2016,0.33,0.58,0.09,921
Peru,2015,0.28,0.62,0.09,911
Peru,2014,0.32,0.58,0.1,921
Peru,2013,0.32,0.59,0.09,939
Peru,2012,0.31,0.61,0.07,935
Peru,2011,0.31,0.62,0.07,916
Peru,2010,0.27,0.64,0.09,915
Peru,2009,0.25,0.65,0.11,933
Peru,2008,0.23,0.56,0.2,886
Peru,2007,0.23,0.66,0.11,866
Peru,2006,0.2,0.63,0.17,782
Philippines,2021,0.3,0.66,0.04,996
Philippines,2020,0.18,0.72,0.09,975
Philippines,2019,0.34,0.6,0.05,2054
Philippines,2018,0.28,0.63,0.09,974
Philippines,2017,0.28,0.62,0.09,958
Philippines,2016,0.26,0.64,0.11,960
Philippines,2015,0.26,0.63,0.11,969
Philippines,2014,0.24,0.63,0.13,967
Philippines,2013,0.19,0.65,0.16,950
Philippines,2012,0.17,0.68,0.15,1929
Philippines,2011,0.2,0.63,0.17,918
Philippines,2010,0.18,0.7,0.12,947
Philippines,2009,0.15,0.68,0.18,944
Philippines,2008,0.13,0.7,0.18,868
Philippines,2007,0.16,0.7,0.14,899
Philippines,2006,0.13,0.65,0.22,1039
Poland,2021,0.29,0.59,0.12,942
Poland,2020,0.33,0.57,0.11,930
Poland,2019,0.28,0.64,0.08,977
Poland,2018,0.27,0.62,0.11,910
Poland,2017,0.3,0.62,0.08,896
Poland,2016,0.3,0.63,0.07,868
Poland,2015,0.24,0.63,0.13,925
Poland,2014,0.25,0.62,0.13,889
Poland,2013,0.24,0.6,0.16,869
Poland,2012,0.24,0.63,0.12,899
Poland,2011,0.23,0.6,0.17,917
Poland,2010,0.26,0.61,0.13,828
Poland,2009,0.27,0.62,0.11,877
Poland,2008,0.28,0.61,0.1,755
Poland,2007,0.3,0.59,0.11,809
Poland,2006,0.28,0.56,0.16,754
Portugal,2021,0.34,0.61,0.06,955
Portugal,2020,0.3,0.62,0.07,908
Portugal,2019,0.35,0.55,0.1,968
Portugal,2018,0.34,0.56,0.1,950
Portugal,2017,0.28,0.59,0.13,914
Portugal,2016,0.22,0.64,0.14,928
Portugal,2015,0.2,0.6,0.2,908
Portugal,2014,0.18,0.61,0.2,1899
Portugal,2013,0.17,0.64,0.2,915
Portugal,2012,0.2,0.59,0.22,720
Portugal,2011,0.14,0.64,0.22,798
Portugal,2010,0.14,0.59,0.27,839
Portugal,2009,0.21,0.61,0.18,823
Portugal,2008,0.22,0.61,0.17,709
Portugal,2006,0.21,0.62,0.16,693
Puerto Rico,2014,0.51,0.44,0.05,434
Puerto Rico,2006,0.47,0.45,0.08,447
Qatar,2014,0.43,0.55,0.02,825
Qatar,2012,0.5,0.49,0.01,853
Qatar,2011,0.47,0.49,0.03,1850
Qatar,2010,0.53,0.46,0.01,843
Qatar,2009,0.41,0.58,0.01,866
Qatar,2008,0.54,0.4,0.06,821
Romania,2021,0.48,0.47,0.06,848
Romania,2020,0.48,0.47,0.05,836
Romania,2019,0.37,0.54,0.09,943
Romania,2018,0.39,0.53,0.08,914
Romania,2017,0.38,0.5,0.12,862
Romania,2016,0.31,0.54,0.15,870
Romania,2015,0.27,0.55,0.17,877
Romania,2014,0.3,0.51,0.19,881
Romania,2013,0.2,0.55,0.25,847
Romania,2012,0.25,0.48,0.27,815
Romania,2011,0.18,0.54,0.28,872
Romania,2010,0.16,0.54,0.3,858
Romania,2009,0.21,0.56,0.23,871
Romania,2007,0.27,0.55,0.18,797
Romania,2006,0.23,0.53,0.24,783
Russian Federation,2021,0.26,0.57,0.18,1926
Russian Federation,2020,0.27,0.56,0.16,1944
Russian Federation,2019,0.25,0.59,0.16,2545
Russian Federation,2018,0.26,0.61,0.14,1719
Russian Federation,2017,0.25,0.62,0.12,1756
Russian Federation,2016,0.29,0.58,0.13,1691
Russian Federation,2015,0.31,0.59,0.1,1753
Russian Federation,2014,0.34,0.54,0.12,1742
Russian Federation,2013,0.25,0.59,0.16,1759
Russian Federation,2012,0.26,0.58,0.16,2533
Russian Federation,2011,0.22,0.58,0.19,1677
Russian Federation,2010,0.24,0.61,0.15,3211
Russian Federation,2009,0.21,0.57,0.22,1505
Russian Federation,2008,0.31,0.56,0.13,1624
Russian Federation,2007,0.23,0.63,0.14,2327
Russian Federation,2006,0.2,0.61,0.2,1592
Rwanda,2019,0.08,0.55,0.37,915
Rwanda,2018,0.09,0.62,0.28,923
Rwanda,2017,0.06,0.58,0.36,919
Rwanda,2016,0.04,0.68,0.27,983
Rwanda,2015,0.03,0.6,0.36,992
Rwanda,2014,0.02,0.77,0.22,999
Rwanda,2013,0.02,0.76,0.23,998
Rwanda,2012,0.02,0.74,0.24,994
Rwanda,2011,0.09,0.76,0.15,985
Rwanda,2009,0.03,0.75,0.22,999
Rwanda,2008,0.08,0.77,0.15,981
Rwanda,2006,0.05,0.74,0.21,1443
Saudi Arabia,2021,0.51,0.46,0.03,997
Saudi Arabia,2020,0.45,0.52,0.02,1014
Saudi Arabia,2019,0.48,0.46,0.05,1017
Saudi Arabia,2018,0.42,0.55,0.04,977
Saudi Arabia,2017,0.41,0.56,0.03,928
Saudi Arabia,2016,0.48,0.51,0.02,931
Saudi Arabia,2015,0.35,0.59,0.05,954
Saudi Arabia,2014,0.37,0.58,0.05,1852
Saudi Arabia,2013,0.39,0.57,0.03,918
Saudi Arabia,2012,0.42,0.55,0.03,2072
Saudi Arabia,2011,0.48,0.51,0.02,1931
Saudi Arabia,2010,0.43,0.53,0.04,1859
Saudi Arabia,2009,0.38,0.6,0.02,1894
Saudi Arabia,2008,0.51,0.47,0.02,1065
Saudi Arabia,2007,0.56,0.42,0.02,936
Saudi Arabia,2006,0.53,0.44,0.03,869
Senegal,2021,0.23,0.71,0.07,932
Senegal,2020,0.17,0.74,0.09,904
Senegal,2019,0.26,0.68,0.06,925
Senegal,2018,0.11,0.81,0.08,899
Senegal,2017,0.12,0.82,0.06,928
Senegal,2016,0.1,0.87,0.03,960
Senegal,2015,0.08,0.88,0.04,974
Senegal,2014,0.06,0.9,0.04,996
Senegal,2013,0.02,0.9,0.08,999
Senegal,2012,0.05,0.83,0.13,997
Senegal,2011,0.05,0.77,0.18,999
Senegal,2010,0.06,0.82,0.12,998
Senegal,2009,0.06,0.88,0.06,989
Senegal,2008,0.07,0.87,0.06,983
Senegal,2007,0.1,0.81,0.09,815
Senegal,2006,0.06,0.81,0.13,984
Serbia,2021,0.39,0.53,0.08,936
Serbia,2020,0.39,0.52,0.09,876
Serbia,2019,0.39,0.51,0.09,1030
Serbia,2018,0.35,0.5,0.16,944
Serbia,2017,0.2,0.52,0.28,885
Serbia,2016,0.32,0.48,0.2,952
Serbia,2015,0.25,0.57,0.18,967
Serbia,2014,0.23,0.54,0.23,910
Serbia,2013,0.2,0.58,0.22,1003
Serbia,2012,0.26,0.51,0.24,974
Serbia,2011,0.18,0.54,0.29,959
Serbia,2010,0.11,0.54,0.35,961
Serbia,2009,0.11,0.54,0.35,996
Serbia,2006,0.16,0.63,0.21,1481
Sierra Leone,2021,0.16,0.61,0.23,932
Sierra Leone,2019,0.07,0.73,0.19,1072
Sierra Leone,2018,0.17,0.66,0.18,934
Sierra Leone,2017,0.11,0.73,0.16,930
Sierra Leone,2016,0.26,0.61,0.13,920
Sierra Leone,2015,0.28,0.59,0.13,882
Sierra Leone,2014,0.23,0.65,0.12,962
Sierra Leone,2013,0.22,0.69,0.09,959
Sierra Leone,2011,0.12,0.77,0.1,994
Sierra Leone,2010,0.14,0.67,0.19,986
Sierra Leone,2008,0.03,0.74,0.23,990
Sierra Leone,2007,0.03,0.82,0.15,968
Sierra Leone,2006,0.04,0.87,0.09,997
Singapore,2021,0.38,0.59,0.03,944
Singapore,2019,0.36,0.59,0.05,996
Singapore,2018,0.37,0.59,0.04,971
Singapore,2017,0.34,0.64,0.02,981
Singapore,2016,0.23,0.75,0.02,950
Singapore,2015,0.45,0.53,0.02,929
Singapore,2014,0.43,0.56,0.01,973
Singapore,2012,0.32,0.64,0.04,967
Singapore,2011,0.34,0.6,0.05,972
Singapore,2010,0.37,0.61,0.02,973
Singapore,2009,0.19,0.75,0.06,928
Singapore,2008,0.47,0.49,0.04,2414
Singapore,2007,0.49,0.49,0.02,944
Singapore,2006,0.37,0.61,0.01,987
Slovakia,2021,0.39,0.54,0.07,982
Slovakia,2020,0.39,0.52,0.08,977
Slovakia,2019,0.34,0.55,0.11,992
Slovakia,2018,0.31,0.6,0.09,949
Slovakia,2017,0.34,0.55,0.11,977
Slovakia,2016,0.28,0.59,0.13,983
Slovakia,2015,0.36,0.53,0.1,898
Slovakia,2014,0.33,0.53,0.13,906
Slovakia,2013,0.28,0.59,0.13,892
Slovakia,2012,0.31,0.55,0.14,894
Slovakia,2011,0.27,0.61,0.12,895
Slovakia,2010,0.32,0.6,0.09,859
Slovakia,2006,0.21,0.6,0.19,886
Slovenia,2021,0.49,0.44,0.06,972
Slovenia,2020,0.37,0.57,0.06,973
Slovenia,2019,0.44,0.48,0.07,1006
Slovenia,2018,0.36,0.53,0.11,984
Slovenia,2017,0.34,0.55,0.11,979
Slovenia,2016,0.29,0.56,0.15,990
Slovenia,2015,0.27,0.56,0.17,957
Slovenia,2014,0.26,0.57,0.17,1958
Slovenia,2013,0.29,0.54,0.17,973
Slovenia,2012,0.28,0.57,0.15,951
Slovenia,2011,0.32,0.53,0.14,930
Slovenia,2010,0.32,0.54,0.14,911
Slovenia,2009,0.27,0.57,0.16,460
Slovenia,2006,0.28,0.58,0.13,942
Somalia,2016,0.12,0.65,0.23,1158
Somalia,2015,0.23,0.68,0.09,957
Somalia,2014,0.3,0.6,0.1,930
Somaliland region,2012,0.22,0.77,0.02,1000
Somaliland region,2011,0.19,0.79,0.03,2000
Somaliland region,2010,0.13,0.83,0.04,2000
Somaliland region,2009,0.19,0.77,0.04,1999
South Africa,2020,0.17,0.78,0.04,1013
South Africa,2019,0.21,0.68,0.11,989
South Africa,2018,0.18,0.72,0.1,952
South Africa,2017,0.14,0.77,0.09,960
South Africa,2016,0.21,0.7,0.09,982
South Africa,2015,0.17,0.77,0.07,995
South Africa,2014,0.17,0.75,0.08,995
South Africa,2013,0.08,0.78,0.14,1000
South Africa,2012,0.17,0.79,0.04,1991
South Africa,2011,0.17,0.77,0.06,998
South Africa,2010,0.15,0.79,0.06,999
South Africa,2009,0.21,0.71,0.08,978
South Africa,2008,0.21,0.75,0.05,988
South Africa,2007,0.2,0.73,0.08,927
South Africa,2006,0.21,0.68,0.11,892
South Korea,2021,0.33,0.58,0.09,952
South Korea,2020,0.27,0.59,0.14,947
South Korea,2019,0.3,0.59,0.11,963
South Korea,2018,0.25,0.63,0.12,959
South Korea,2017,0.3,0.59,0.1,951
South Korea,2016,0.31,0.57,0.12,927
South Korea,2015,0.28,0.57,0.15,920
South Korea,2014,0.33,0.55,0.12,1831
South Korea,2013,0.34,0.56,0.1,919
South Korea,2012,0.36,0.55,0.09,1858
South Korea,2011,0.5,0.44,0.07,928
South Korea,2010,0.35,0.57,0.07,895
South Korea,2009,0.28,0.61,0.12,933
South Korea,2008,0.24,0.61,0.15,952
South Korea,2007,0.3,0.58,0.11,922
South Korea,2006,0.25,0.62,0.13,1024
South Sudan,2017,0.07,0.48,0.46,836
South Sudan,2016,0.09,0.44,0.47,885
South Sudan,2015,0.2,0.48,0.32,875
South Sudan,2014,0.14,0.53,0.33,808
Spain,2021,0.35,0.59,0.06,997
Spain,2020,0.38,0.56,0.06,979
Spain,2019,0.33,0.61,0.06,1011
Spain,2018,0.38,0.57,0.06,995
Spain,2017,0.33,0.58,0.08,983
Spain,2016,0.33,0.6,0.06,985
Spain,2015,0.37,0.57,0.06,982
Spain,2014,0.39,0.56,0.06,1962
Spain,2013,0.31,0.63,0.07,902
Spain,2012,0.31,0.61,0.08,1834
Spain,2011,0.39,0.54,0.07,934
Spain,2010,0.34,0.57,0.08,891
Spain,2009,0.36,0.58,0.06,933
Spain,2008,0.6,0.37,0.03,742
Spain,2007,0.55,0.42,0.03,750
Spain,2006,0.48,0.49,0.03,759
Sri Lanka,2021,0.11,0.74,0.15,898
Sri Lanka,2020,0.14,0.76,0.11,906
Sri Lanka,2019,0.12,0.71,0.17,916
Sri Lanka,2018,0.11,0.73,0.15,864
Sri Lanka,2017,0.11,0.71,0.18,905
Sri Lanka,2015,0.15,0.71,0.14,943
Sri Lanka,2014,0.09,0.74,0.16,870
Sri Lanka,2013,0.1,0.77,0.13,850
Sri Lanka,2012,0.07,0.76,0.16,1643
Sri Lanka,2011,0.08,0.7,0.22,935
Sri Lanka,2010,0.05,0.75,0.2,955
Sri Lanka,2009,0.1,0.66,0.24,927
Sri Lanka,2008,0.1,0.76,0.15,782
Sri Lanka,2007,0.08,0.75,0.16,864
Sri Lanka,2006,0.09,0.73,0.17,990
Sudan,2014,0.13,0.58,0.29,894
Sudan,2012,0.07,0.72,0.21,994
Sudan,2011,0.07,0.75,0.18,1978
Sudan,2010,0.09,0.79,0.12,1790
Sudan,2009,0.11,0.79,0.11,1761
Suriname,2012,0.45,0.51,0.03,471
Sweden,2021,0.65,0.34,0.01,1002
Sweden,2020,0.62,0.35,0.02,985
Sweden,2019,0.61,0.36,0.03,1006
Sweden,2018,0.62,0.36,0.02,961
Sweden,2017,0.59,0.39,0.03,975
Sweden,2016,0.6,0.37,0.03,953
Sweden,2015,0.6,0.37,0.03,979
Sweden,2014,0.62,0.36,0.02,1956
Sweden,2013,0.68,0.3,0.02,707
Sweden,2012,0.69,0.3,0.01,959
Sweden,2011,0.65,0.33,0.02,947
Sweden,2010,0.69,0.3,0.01,977
Sweden,2009,0.59,0.38,0.02,939
Sweden,2008,0.68,0.3,0.02,934
Sweden,2007,0.6,0.38,0.02,911
Sweden,2006,0.65,0.34,0.01,913
Switzerland,2021,0.6,0.37,0.04,999
Switzerland,2020,0.57,0.41,0.01,960
Switzerland,2019,0.68,0.31,0.01,1010
Switzerland,2018,0.63,0.34,0.03,989
Switzerland,2017,0.64,0.35,0.01,978
Switzerland,2016,0.63,0.35,0.02,973
Switzerland,2015,0.65,0.33,0.02,485
Switzerland,2014,0.6,0.38,0.02,1940
Switzerland,2012,0.69,0.3,0.02,925
Switzerland,2009,0.61,0.39,0.01,910
Switzerland,2006,0.62,0.36,0.02,902
Syria,2015,0.05,0.63,0.32,881
Syria,2013,0.02,0.74,0.23,897
Syria,2012,0.04,0.67,0.29,1888
Syria,2011,0.04,0.72,0.24,2016
Syria,2010,0.06,0.79,0.15,1668
Syria,2009,0.2,0.63,0.16,1785
Syria,2008,0.2,0.66,0.14,1010
Taiwan,2021,0.36,0.59,0.06,839
Taiwan,2020,0.41,0.56,0.04,840
Taiwan,2019,0.35,0.59,0.06,923
Taiwan,2018,0.31,0.64,0.06,920
Taiwan,2017,0.32,0.63,0.06,872
Taiwan,2016,0.33,0.6,0.07,811
Taiwan,2015,0.32,0.62,0.05,819
Taiwan,2014,0.29,0.65,0.06,1664
Taiwan,2013,0.3,0.63,0.07,887
Taiwan,2012,0.28,0.6,0.12,868
Taiwan,2011,0.31,0.64,0.05,869
Taiwan,2010,0.32,0.6,0.08,880
Taiwan,2008,0.22,0.64,0.14,786
Taiwan,2006,0.28,0.65,0.06,842
Tajikistan,2021,0.16,0.79,0.05,804
Tajikistan,2020,0.17,0.79,0.04,832
Tajikistan,2019,0.19,0.78,0.04,1003
Tajikistan,2018,0.21,0.76,0.03,2747
Tajikistan,2017,0.26,0.65,0.09,882
Tajikistan,2016,0.15,0.76,0.09,930
Tajikistan,2015,0.16,0.7,0.13,956
Tajikistan,2014,0.12,0.75,0.12,935
Tajikistan,2013,0.11,0.71,0.18,940
Tajikistan,2012,0.03,0.76,0.21,954
Tajikistan,2011,0.04,0.73,0.23,834
Tajikistan,2010,0.03,0.77,0.2,868
Tajikistan,2009,0.07,0.74,0.19,843
Tajikistan,2008,0.19,0.74,0.07,804
Tajikistan,2007,0.08,0.74,0.18,837
Tajikistan,2006,0.1,0.76,0.13,904
Tanzania,2021,0.12,0.6,0.27,837
Tanzania,2020,0.12,0.66,0.22,900
Tanzania,2019,0.13,0.61,0.26,897
Tanzania,2018,0.08,0.67,0.26,918
Tanzania,2017,0.11,0.58,0.31,930
Tanzania,2016,0.06,0.6,0.34,948
Tanzania,2015,0.08,0.66,0.26,965
Tanzania,2014,0.14,0.54,0.31,887
Tanzania,2013,0.06,0.71,0.23,995
Tanzania,2012,0.06,0.66,0.28,993
Tanzania,2011,0.07,0.67,0.27,992
Tanzania,2010,0.04,0.59,0.37,1000
Tanzania,2009,0.03,0.5,0.47,993
Tanzania,2008,0.06,0.7,0.24,945
Tanzania,2007,0.1,0.63,0.27,913
Tanzania,2006,0.04,0.77,0.2,893
Thailand,2021,0.34,0.57,0.09,882
Thailand,2020,0.35,0.59,0.06,921
Thailand,2019,0.34,0.6,0.06,1645
Thailand,2018,0.36,0.59,0.04,765
Thailand,2017,0.34,0.61,0.05,759
Thailand,2016,0.35,0.61,0.05,737
Thailand,2015,0.33,0.65,0.02,959
Thailand,2014,0.51,0.46,0.02,936
Thailand,2013,0.34,0.65,0.01,950
Thailand,2012,0.37,0.61,0.02,1939
Thailand,2011,0.46,0.53,0.01,961
Thailand,2010,0.37,0.6,0.03,942
Thailand,2009,0.2,0.75,0.05,919
Thailand,2008,0.22,0.72,0.06,786
Thailand,2007,0.26,0.7,0.04,915
Thailand,2006,0.33,0.65,0.03,1196
Togo,2021,0.12,0.77,0.1,941
Togo,2019,0.17,0.67,0.17,1071
Togo,2018,0.08,0.86,0.05,927
Togo,2017,0.13,0.79,0.08,878
Togo,2016,0.12,0.68,0.2,943
Togo,2015,0.07,0.77,0.16,931
Togo,2014,0.03,0.79,0.18,988
Togo,2011,0.03,0.7,0.26,935
Togo,2008,0.01,0.67,0.31,813
Togo,2006,0.02,0.8,0.17,994
Trinidad and Tobago,2017,0.39,0.56,0.05,452
Trinidad and Tobago,2013,0.46,0.51,0.02,458
Trinidad and Tobago,2011,0.44,0.51,0.05,499
Trinidad and Tobago,2008,0.44,0.51,0.05,452
Trinidad and Tobago,2006,0.34,0.57,0.09,427
Tunisia,2021,0.13,0.72,0.15,878
Tunisia,2020,0.19,0.63,0.18,899
Tunisia,2019,0.16,0.63,0.21,867
Tunisia,2018,0.13,0.73,0.14,797
Tunisia,2017,0.09,0.66,0.25,908
Tunisia,2016,0.13,0.66,0.21,872
Tunisia,2015,0.19,0.71,0.1,918
Tunisia,2014,0.14,0.63,0.23,1014
Tunisia,2013,0.18,0.67,0.15,968
Tunisia,2012,0.11,0.63,0.25,1860
Tunisia,2011,0.15,0.72,0.13,1944
Tunisia,2010,0.14,0.77,0.09,2032
Tunisia,2009,0.14,0.77,0.09,939
Turkey,2021,0.17,0.52,0.31,919
Turkey,2020,0.21,0.55,0.24,933
Turkey,2019,0.18,0.61,0.21,1840
Turkey,2018,0.19,0.66,0.15,964
Turkey,2017,0.13,0.75,0.13,977
Turkey,2016,0.23,0.6,0.17,868
Turkey,2015,0.31,0.55,0.14,844
Turkey,2014,0.28,0.57,0.15,1759
Turkey,2013,0.15,0.5,0.35,958
Turkey,2012,0.17,0.65,0.18,1945
Turkey,2011,0.24,0.56,0.2,972
Turkey,2010,0.16,0.7,0.14,941
Turkey,2009,0.13,0.67,0.2,951
Turkey,2008,0.18,0.62,0.2,875
Turkey,2007,0.23,0.63,0.14,928
Turkey,2006,0.17,0.58,0.26,852
Turkmenistan,2019,0.2,0.75,0.05,1044
Turkmenistan,2018,0.07,0.89,0.03,865
Turkmenistan,2017,0.11,0.87,0.03,928
Turkmenistan,2016,0.28,0.7,0.02,943
Turkmenistan,2015,0.27,0.73,0.01,953
Turkmenistan,2014,0.31,0.59,0.09,929
Turkmenistan,2013,0.3,0.66,0.04,929
Turkmenistan,2012,0.3,0.64,0.06,957
Turkmenistan,2011,0.32,0.67,0.02,986
Turkmenistan,2009,0.52,0.47,0.01,869
Uganda,2021,0.16,0.67,0.17,962
Uganda,2020,0.17,0.74,0.08,964
Uganda,2019,0.2,0.67,0.13,920
Uganda,2018,0.15,0.67,0.18,926
Uganda,2017,0.11,0.63,0.26,846
Uganda,2016,0.18,0.61,0.21,965
Uganda,2015,0.14,0.68,0.18,924
Uganda,2014,0.09,0.67,0.24,935
Uganda,2013,0.06,0.75,0.19,969
Uganda,2012,0.08,0.76,0.16,989
Uganda,2011,0.15,0.77,0.08,997
Uganda,2010,0.08,0.76,0.15,997
Uganda,2009,0.13,0.77,0.1,1000
Uganda,2008,0.06,0.71,0.23,993
Uganda,2007,0.08,0.73,0.19,964
Uganda,2006,0.05,0.6,0.35,905
Ukraine,2021,0.27,0.55,0.18,833
Ukraine,2020,0.29,0.53,0.18,813
Ukraine,2019,0.17,0.61,0.22,897
Ukraine,2018,0.14,0.53,0.33,786
Ukraine,2017,0.14,0.52,0.34,816
Ukraine,2016,0.09,0.5,0.41,842
Ukraine,2015,0.09,0.56,0.36,790
Ukraine,2014,0.1,0.61,0.3,847
Ukraine,2013,0.11,0.6,0.29,888
Ukraine,2012,0.18,0.57,0.24,822
Ukraine,2011,0.21,0.56,0.23,860
Ukraine,2010,0.16,0.63,0.21,896
Ukraine,2009,0.21,0.53,0.26,759
Ukraine,2008,0.2,0.58,0.22,839
Ukraine,2007,0.22,0.58,0.2,872
Ukraine,2006,0.16,0.57,0.27,893
United Arab Emirates,2021,0.55,0.42,0.03,818
United Arab Emirates,2020,0.47,0.5,0.03,2651
United Arab Emirates,2019,0.55,0.42,0.03,1374
United Arab Emirates,2018,0.47,0.49,0.04,1737
United Arab Emirates,2017,0.55,0.43,0.02,1719
United Arab Emirates,2016,0.51,0.45,0.03,1700
United Arab Emirates,2015,0.44,0.53,0.03,1739
United Arab Emirates,2014,0.46,0.5,0.03,1839
United Arab Emirates,2013,0.47,0.51,0.01,914
United Arab Emirates,2012,0.57,0.42,0.01,1910
United Arab Emirates,2011,0.58,0.41,0.01,1897
United Arab Emirates,2010,0.55,0.44,0.01,1900
United Arab Emirates,2009,0.51,0.47,0.02,1926
United Arab Emirates,2006,0.5,0.48,0.02,921
United Kingdom of Great Britain and Northern Ireland,2021,0.5,0.44,0.05,992
United Kingdom of Great Britain and Northern Ireland,2020,0.53,0.43,0.04,988
United Kingdom of Great Britain and Northern Ireland,2019,0.61,0.36,0.03,1016
United Kingdom of Great Britain and Northern Ireland,2018,0.52,0.44,0.04,990
United Kingdom of Great Britain and Northern Ireland,2017,0.48,0.48,0.03,995
United Kingdom of Great Britain and Northern Ireland,2016,0.44,0.5,0.05,987
United Kingdom of Great Britain and Northern Ireland,2015,0.4,0.55,0.05,987
United Kingdom of Great Britain and Northern Ireland,2014,0.47,0.47,0.05,1969
United Kingdom of Great Britain and Northern Ireland,2013,0.55,0.4,0.04,720
United Kingdom of Great Britain and Northern Ireland,2012,0.51,0.45,0.04,12560
United Kingdom of Great Britain and Northern Ireland,2011,0.5,0.45,0.04,8660
United Kingdom of Great Britain and Northern Ireland,2010,0.54,0.42,0.04,932
United Kingdom of Great Britain and Northern Ireland,2009,0.54,0.44,0.02,906
United Kingdom of Great Britain and Northern Ireland,2008,0.56,0.41,0.03,932
United Kingdom of Great Britain and Northern Ireland,2007,0.52,0.45,0.03,1111
United Kingdom of Great Britain and Northern Ireland,2006,0.56,0.42,0.02,981
United States of America,2021,0.54,0.44,0.02,1000
United States of America,2020,0.56,0.41,0.03,995
United States of America,2019,0.54,0.43,0.02,1020
United States of America,2018,0.56,0.39,0.05,981
United States of America,2017,0.56,0.41,0.03,992
United States of America,2016,0.5,0.45,0.05,1002
United States of America,2015,0.51,0.45,0.04,996
United States of America,2014,0.59,0.37,0.04,1996
United States of America,2013,0.59,0.39,0.03,978
United States of America,2012,0.58,0.38,0.04,1990
United States of America,2011,0.56,0.41,0.03,969
United States of America,2010,0.59,0.38,0.03,976
United States of America,2009,0.57,0.4,0.03,972
United States of America,2008,0.61,0.37,0.02,985
United States of America,2007,0.66,0.32,0.02,1209
United States of America,2006,0.62,0.36,0.02,970
Uruguay,2021,0.44,0.52,0.04,903
Uruguay,2020,0.39,0.55,0.05,959
Uruguay,2019,0.45,0.52,0.03,930
Uruguay,2018,0.42,0.52,0.06,882
Uruguay,2017,0.43,0.51,0.06,879
Uruguay,2016,0.41,0.52,0.06,856
Uruguay,2015,0.47,0.48,0.05,889
Uruguay,2014,0.47,0.48,0.05,889
Uruguay,2013,0.43,0.5,0.06,891
Uruguay,2012,0.48,0.45,0.07,869
Uruguay,2011,0.46,0.49,0.05,854
Uruguay,2010,0.36,0.59,0.05,837
Uruguay,2009,0.41,0.54,0.05,838
Uruguay,2008,0.31,0.58,0.11,824
Uruguay,2007,0.27,0.62,0.11,821
Uruguay,2006,0.34,0.56,0.1,852
Uzbekistan,2021,0.38,0.59,0.03,881
Uzbekistan,2020,0.34,0.63,0.03,881
Uzbekistan,2019,0.4,0.58,0.02,982
Uzbekistan,2018,0.38,0.6,0.02,937
Uzbekistan,2017,0.41,0.58,0,907
Uzbekistan,2016,0.36,0.61,0.03,898
Uzbekistan,2015,0.36,0.63,0.02,928
Uzbekistan,2014,0.33,0.64,0.03,870
Uzbekistan,2013,0.33,0.63,0.04,903
Uzbekistan,2012,0.35,0.62,0.04,893
Uzbekistan,2011,0.28,0.68,0.04,916
Uzbekistan,2010,0.14,0.77,0.09,885
Uzbekistan,2009,0.18,0.75,0.06,845
Uzbekistan,2008,0.2,0.74,0.05,776
Uzbekistan,2006,0.2,0.73,0.07,832
Venezuela,2021,0.26,0.62,0.11,988
Venezuela,2020,0.17,0.66,0.17,938
Venezuela,2019,0.25,0.6,0.14,1017
Venezuela,2018,0.23,0.61,0.16,915
Venezuela,2017,0.25,0.57,0.18,908
Venezuela,2016,0.13,0.59,0.28,847
Venezuela,2015,0.29,0.61,0.1,861
Venezuela,2014,0.35,0.54,0.11,910
Venezuela,2013,0.44,0.49,0.07,861
Venezuela,2012,0.57,0.42,0.02,880
Venezuela,2011,0.49,0.44,0.07,872
Venezuela,2010,0.64,0.32,0.04,836
Venezuela,2009,0.5,0.48,0.02,881
Venezuela,2008,0.42,0.52,0.06,850
Venezuela,2007,0.49,0.47,0.04,919
Venezuela,2006,0.59,0.38,0.04,905
Vietnam,2021,0.28,0.66,0.06,909
Vietnam,2020,0.28,0.67,0.05,808
Vietnam,2019,0.22,0.71,0.06,1828
Vietnam,2018,0.16,0.77,0.08,866
Vietnam,2017,0.18,0.74,0.08,765
Vietnam,2016,0.14,0.73,0.13,913
Vietnam,2015,0.16,0.74,0.09,771
Vietnam,2014,0.16,0.8,0.04,816
Vietnam,2013,0.1,0.83,0.07,858
Vietnam,2012,0.19,0.72,0.09,1825
Vietnam,2011,0.3,0.65,0.05,804
Vietnam,2010,0.16,0.75,0.09,874
Vietnam,2009,0.14,0.76,0.1,985
Vietnam,2008,0.17,0.77,0.05,936
Vietnam,2007,0.18,0.79,0.03,912
Vietnam,2006,0.17,0.74,0.09,933
Yemen,2019,0.13,0.58,0.28,890
Yemen,2018,0.05,0.5,0.45,849
Yemen,2017,0.06,0.54,0.4,673
Yemen,2016,0.09,0.57,0.34,755
Yemen,2015,0.06,0.53,0.41,775
Yemen,2014,0.11,0.62,0.27,684
Yemen,2013,0.13,0.6,0.27,685
Yemen,2012,0.12,0.68,0.2,1482
Yemen,2011,0.08,0.54,0.38,1653
Yemen,2010,0.12,0.61,0.27,1850
Yemen,2009,0.17,0.61,0.22,1919
Yemen,2006,0.12,0.63,0.26,865
Zambia,2021,0.13,0.62,0.26,828
Zambia,2020,0.19,0.74,0.07,1006
Zambia,2019,0.09,0.59,0.32,896
Zambia,2018,0.13,0.64,0.22,917
Zambia,2017,0.12,0.65,0.24,916
Zambia,2016,0.17,0.59,0.24,873
Zambia,2015,0.27,0.58,0.14,904
Zambia,2014,0.13,0.72,0.15,988
Zambia,2012,0.19,0.74,0.07,984
Zambia,2011,0.13,0.84,0.02,999
Zambia,2009,0.21,0.72,0.07,978
Zambia,2008,0.14,0.78,0.08,944
Zambia,2007,0.05,0.7,0.25,908
Zambia,2006,0.16,0.73,0.11,978
Zimbabwe,2021,0.06,0.64,0.3,943
Zimbabwe,2020,0.06,0.64,0.3,942
Zimbabwe,2019,0.05,0.53,0.42,1001
Zimbabwe,2018,0.08,0.69,0.23,947
Zimbabwe,2017,0.09,0.69,0.22,906
Zimbabwe,2016,0.09,0.71,0.2,897
Zimbabwe,2015,0.07,0.64,0.29,939
Zimbabwe,2014,0.09,0.69,0.21,913
Zimbabwe,2013,0.14,0.77,0.09,943
Zimbabwe,2012,0.16,0.78,0.05,976
Zimbabwe,2011,0.13,0.8,0.07,1000
Zimbabwe,2010,0.09,0.85,0.06,998
Zimbabwe,2009,0.1,0.73,0.17,975
Zimbabwe,2008,0.03,0.56,0.4,977
Zimbabwe,2007,0.03,0.49,0.48,898
Zimbabwe,2006,0.05,0.51,0.44,962
,,,,,
,,,,,
,,,,,
,,,,,
,,,,,
,,,,,
,,,,,
,,,,,
,,,,,